LOCATION;INDICATOR;SUBJECT;MEASURE;FREQUENCY;TIME;Value;IntRate
PRT;LTINT;TOT;PC_PA;A;1994;10,47833;10,4783%
PRT;LTINT;TOT;PC_PA;A;1995;11,46500;11,4650%
PRT;LTINT;TOT;PC_PA;A;1996;8,55917;8,5592%
PRT;LTINT;TOT;PC_PA;A;1997;6,35833;6,3583%
PRT;LTINT;TOT;PC_PA;A;1998;4,87750;4,8775%
PRT;LTINT;TOT;PC_PA;A;1999;4,77750;4,7775%
PRT;LTINT;TOT;PC_PA;A;2000;5,59500;5,5950%
PRT;LTINT;TOT;PC_PA;A;2001;5,15833;5,1583%
PRT;LTINT;TOT;PC_PA;A;2002;5,00667;5,0067%
PRT;LTINT;TOT;PC_PA;A;2003;4,18008;4,1801%
PRT;LTINT;TOT;PC_PA;A;2004;4,14392;4,1439%
PRT;LTINT;TOT;PC_PA;A;2005;3,43792;3,4379%
PRT;LTINT;TOT;PC_PA;A;2006;3,91467;3,9147%
PRT;LTINT;TOT;PC_PA;A;2007;4,42414;4,4241%
PRT;LTINT;TOT;PC_PA;A;2008;4,51986;4,5199%
PRT;LTINT;TOT;PC_PA;A;2009;4,21015;4,2101%
PRT;LTINT;TOT;PC_PA;A;2010;5,39641;5,3964%
PRT;LTINT;TOT;PC_PA;A;2011;10,23912;10,2391%
PRT;LTINT;TOT;PC_PA;A;2012;10,54652;10,5465%
PRT;LTINT;TOT;PC_PA;A;2013;6,29313;6,2931%
PRT;LTINT;TOT;PC_PA;A;2014;3,75395;3,7540%
PRT;LTINT;TOT;PC_PA;A;2015;2,42333;2,4233%
PRT;LTINT;TOT;PC_PA;A;2016;3,17167;3,1717%
PRT;LTINT;TOT;PC_PA;A;2017;3,05250;3,0525%
PRT;LTINT;TOT;PC_PA;A;2018;1,83917;1,8392%
PRT;LTINT;TOT;PC_PA;A;2019;0,75750;0,7575%
ITA;LTINT;TOT;PC_PA;A;1992;13,26575;13,2658%
ITA;LTINT;TOT;PC_PA;A;1993;11,18692;11,1869%
ITA;LTINT;TOT;PC_PA;A;1994;10,51883;10,5188%
ITA;LTINT;TOT;PC_PA;A;1995;12,20583;12,2058%
ITA;LTINT;TOT;PC_PA;A;1996;9,40067;9,4007%
ITA;LTINT;TOT;PC_PA;A;1997;6,86025;6,8603%
ITA;LTINT;TOT;PC_PA;A;1998;4,88250;4,8825%
ITA;LTINT;TOT;PC_PA;A;1999;4,72750;4,7275%
ITA;LTINT;TOT;PC_PA;A;2000;5,57608;5,5761%
ITA;LTINT;TOT;PC_PA;A;2001;5,18708;5,1871%
ITA;LTINT;TOT;PC_PA;A;2002;5,03417;5,0342%
ITA;LTINT;TOT;PC_PA;A;2003;4,29583;4,2958%
ITA;LTINT;TOT;PC_PA;A;2004;4,25868;4,2587%
ITA;LTINT;TOT;PC_PA;A;2005;3,55542;3,5554%
ITA;LTINT;TOT;PC_PA;A;2006;4,04614;4,0461%
ITA;LTINT;TOT;PC_PA;A;2007;4,48726;4,4873%
ITA;LTINT;TOT;PC_PA;A;2008;4,68107;4,6811%
ITA;LTINT;TOT;PC_PA;A;2009;4,31118;4,3112%
ITA;LTINT;TOT;PC_PA;A;2010;4,03571;4,0357%
ITA;LTINT;TOT;PC_PA;A;2011;5,42276;5,4228%
ITA;LTINT;TOT;PC_PA;A;2012;5,49268;5,4927%
ITA;LTINT;TOT;PC_PA;A;2013;4,31643;4,3164%
ITA;LTINT;TOT;PC_PA;A;2014;2,89320;2,8932%
ITA;LTINT;TOT;PC_PA;A;2015;1,71395;1,7140%
ITA;LTINT;TOT;PC_PA;A;2016;1,48643;1,4864%
ITA;LTINT;TOT;PC_PA;A;2017;2,11293;2,1129%
ITA;LTINT;TOT;PC_PA;A;2018;2,61040;2,6104%
ITA;LTINT;TOT;PC_PA;A;2019;1,91323;1,9132%
SVK;LTINT;TOT;PC_PA;A;2001;8,04250;8,0425%
SVK;LTINT;TOT;PC_PA;A;2002;6,93500;6,9350%
SVK;LTINT;TOT;PC_PA;A;2003;4,98583;4,9858%
SVK;LTINT;TOT;PC_PA;A;2004;5,02583;5,0258%
SVK;LTINT;TOT;PC_PA;A;2005;3,52167;3,5217%
SVK;LTINT;TOT;PC_PA;A;2006;4,41167;4,4117%
SVK;LTINT;TOT;PC_PA;A;2007;4,49083;4,4908%
SVK;LTINT;TOT;PC_PA;A;2008;4,72333;4,7233%
SVK;LTINT;TOT;PC_PA;A;2009;4,70667;4,7067%
SVK;LTINT;TOT;PC_PA;A;2010;3,87167;3,8717%
SVK;LTINT;TOT;PC_PA;A;2011;4,41500;4,4150%
SVK;LTINT;TOT;PC_PA;A;2012;4,55250;4,5525%
SVK;LTINT;TOT;PC_PA;A;2013;3,18750;3,1875%
SVK;LTINT;TOT;PC_PA;A;2014;2,07083;2,0708%
SVK;LTINT;TOT;PC_PA;A;2015;0,88500;0,8850%
SVK;LTINT;TOT;PC_PA;A;2016;0,54333;0,5433%
SVK;LTINT;TOT;PC_PA;A;2017;0,91667;0,9167%
SVK;LTINT;TOT;PC_PA;A;2018;0,88583;0,8858%
SVK;LTINT;TOT;PC_PA;A;2019;0,24750;0,2475%
GRC;LTINT;TOT;PC_PA;A;1998;8,48167;8,4817%
GRC;LTINT;TOT;PC_PA;A;1999;6,30833;6,3083%
GRC;LTINT;TOT;PC_PA;A;2000;6,10833;6,1083%
GRC;LTINT;TOT;PC_PA;A;2001;5,30417;5,3042%
GRC;LTINT;TOT;PC_PA;A;2002;5,12250;5,1225%
GRC;LTINT;TOT;PC_PA;A;2003;4,26750;4,2675%
GRC;LTINT;TOT;PC_PA;A;2004;4,25583;4,2558%
GRC;LTINT;TOT;PC_PA;A;2005;3,58500;3,5850%
GRC;LTINT;TOT;PC_PA;A;2006;4,07000;4,0700%
GRC;LTINT;TOT;PC_PA;A;2007;4,50000;4,5000%
GRC;LTINT;TOT;PC_PA;A;2008;4,80250;4,8025%
GRC;LTINT;TOT;PC_PA;A;2009;5,17417;5,1742%
GRC;LTINT;TOT;PC_PA;A;2010;9,09167;9,0917%
GRC;LTINT;TOT;PC_PA;A;2011;15,74917;15,7492%
GRC;LTINT;TOT;PC_PA;A;2012;22,49750;22,4975%
GRC;LTINT;TOT;PC_PA;A;2013;10,05417;10,0542%
GRC;LTINT;TOT;PC_PA;A;2014;6,92917;6,9292%
GRC;LTINT;TOT;PC_PA;A;2015;9,66636;9,6664%
GRC;LTINT;TOT;PC_PA;A;2016;8,36000;8,3600%
GRC;LTINT;TOT;PC_PA;A;2017;5,97833;5,9783%
GRC;LTINT;TOT;PC_PA;A;2018;4,18500;4,1850%
GRC;LTINT;TOT;PC_PA;A;2019;2,58583;2,5858%
SVN;LTINT;TOT;PC_PA;A;2003;6,40167;6,4017%
SVN;LTINT;TOT;PC_PA;A;2004;4,68417;4,6842%
SVN;LTINT;TOT;PC_PA;A;2005;3,80667;3,8067%
SVN;LTINT;TOT;PC_PA;A;2006;3,85333;3,8533%
SVN;LTINT;TOT;PC_PA;A;2007;4,52917;4,5292%
SVN;LTINT;TOT;PC_PA;A;2008;4,60667;4,6067%
SVN;LTINT;TOT;PC_PA;A;2009;4,37500;4,3750%
SVN;LTINT;TOT;PC_PA;A;2010;3,83250;3,8325%
SVN;LTINT;TOT;PC_PA;A;2011;4,97083;4,9708%
SVN;LTINT;TOT;PC_PA;A;2012;5,80833;5,8083%
SVN;LTINT;TOT;PC_PA;A;2013;5,81167;5,8117%
SVN;LTINT;TOT;PC_PA;A;2014;3,27000;3,2700%
SVN;LTINT;TOT;PC_PA;A;2015;1,70667;1,7067%
SVN;LTINT;TOT;PC_PA;A;2016;1,14917;1,1492%
SVN;LTINT;TOT;PC_PA;A;2017;0,96000;0,9600%
SVN;LTINT;TOT;PC_PA;A;2018;0,93083;0,9308%
SVN;LTINT;TOT;PC_PA;A;2019;0,27500;0,2750%
JPN;LTINT;TOT;PC_PA;A;1989;5,12725;5,1273%
JPN;LTINT;TOT;PC_PA;A;1990;6,95992;6,9599%
JPN;LTINT;TOT;PC_PA;A;1991;6,33667;6,3367%
JPN;LTINT;TOT;PC_PA;A;1992;5,32658;5,3266%
JPN;LTINT;TOT;PC_PA;A;1993;4,32092;4,3209%
JPN;LTINT;TOT;PC_PA;A;1994;4,36333;4,3633%
JPN;LTINT;TOT;PC_PA;A;1995;3,44350;3,4435%
JPN;LTINT;TOT;PC_PA;A;1996;3,10150;3,1015%
JPN;LTINT;TOT;PC_PA;A;1997;2,37367;2,3737%
JPN;LTINT;TOT;PC_PA;A;1998;1,54142;1,5414%
JPN;LTINT;TOT;PC_PA;A;1999;1,74900;1,7490%
JPN;LTINT;TOT;PC_PA;A;2000;1,74442;1,7444%
JPN;LTINT;TOT;PC_PA;A;2001;1,31900;1,3190%
JPN;LTINT;TOT;PC_PA;A;2002;1,26317;1,2632%
JPN;LTINT;TOT;PC_PA;A;2003;1,00325;1,0033%
JPN;LTINT;TOT;PC_PA;A;2004;1,49267;1,4927%
JPN;LTINT;TOT;PC_PA;A;2005;1,35475;1,3548%
JPN;LTINT;TOT;PC_PA;A;2006;1,74050;1,7405%
JPN;LTINT;TOT;PC_PA;A;2007;1,66550;1,6655%
JPN;LTINT;TOT;PC_PA;A;2008;1,46733;1,4673%
JPN;LTINT;TOT;PC_PA;A;2009;1,33375;1,3338%
JPN;LTINT;TOT;PC_PA;A;2010;1,14833;1,1483%
JPN;LTINT;TOT;PC_PA;A;2011;1,10242;1,1024%
JPN;LTINT;TOT;PC_PA;A;2012;0,83558;0,8356%
JPN;LTINT;TOT;PC_PA;A;2013;0,68967;0,6897%
JPN;LTINT;TOT;PC_PA;A;2014;0,52033;0,5203%
JPN;LTINT;TOT;PC_PA;A;2015;0,35000;0,3500%
JPN;LTINT;TOT;PC_PA;A;2016;-0,06625;-0,0663%
JPN;LTINT;TOT;PC_PA;A;2017;0,05167;0,0517%
JPN;LTINT;TOT;PC_PA;A;2018;0,06500;0,0650%
JPN;LTINT;TOT;PC_PA;A;2019;-0,11042;-0,1104%
DEU;LTINT;TOT;PC_PA;A;1957;7,51667;7,5167%
DEU;LTINT;TOT;PC_PA;A;1958;6,78333;6,7833%
DEU;LTINT;TOT;PC_PA;A;1959;5,76667;5,7667%
DEU;LTINT;TOT;PC_PA;A;1960;6,42500;6,4250%
DEU;LTINT;TOT;PC_PA;A;1961;5,87500;5,8750%
DEU;LTINT;TOT;PC_PA;A;1962;5,90833;5,9083%
DEU;LTINT;TOT;PC_PA;A;1963;6,05000;6,0500%
DEU;LTINT;TOT;PC_PA;A;1964;6,23333;6,2333%
DEU;LTINT;TOT;PC_PA;A;1965;7,05000;7,0500%
DEU;LTINT;TOT;PC_PA;A;1966;8,12500;8,1250%
DEU;LTINT;TOT;PC_PA;A;1967;6,95833;6,9583%
DEU;LTINT;TOT;PC_PA;A;1968;6,45000;6,4500%
DEU;LTINT;TOT;PC_PA;A;1969;6,84167;6,8417%
DEU;LTINT;TOT;PC_PA;A;1970;8,31667;8,3167%
DEU;LTINT;TOT;PC_PA;A;1971;7,99167;7,9917%
DEU;LTINT;TOT;PC_PA;A;1972;7,87500;7,8750%
DEU;LTINT;TOT;PC_PA;A;1973;9,30833;9,3083%
DEU;LTINT;TOT;PC_PA;A;1974;10,44167;10,4417%
DEU;LTINT;TOT;PC_PA;A;1975;8,67500;8,6750%
DEU;LTINT;TOT;PC_PA;A;1976;8,03333;8,0333%
DEU;LTINT;TOT;PC_PA;A;1977;6,53333;6,5333%
DEU;LTINT;TOT;PC_PA;A;1978;6,13333;6,1333%
DEU;LTINT;TOT;PC_PA;A;1979;7,56667;7,5667%
DEU;LTINT;TOT;PC_PA;A;1980;8,42500;8,4250%
DEU;LTINT;TOT;PC_PA;A;1981;10,13333;10,1333%
DEU;LTINT;TOT;PC_PA;A;1982;8,90833;8,9083%
DEU;LTINT;TOT;PC_PA;A;1983;8,08333;8,0833%
DEU;LTINT;TOT;PC_PA;A;1984;7,95833;7,9583%
DEU;LTINT;TOT;PC_PA;A;1985;7,04167;7,0417%
DEU;LTINT;TOT;PC_PA;A;1986;6,15833;6,1583%
DEU;LTINT;TOT;PC_PA;A;1987;6,25000;6,2500%
DEU;LTINT;TOT;PC_PA;A;1988;6,49167;6,4917%
DEU;LTINT;TOT;PC_PA;A;1989;7,02500;7,0250%
DEU;LTINT;TOT;PC_PA;A;1990;8,72667;8,7267%
DEU;LTINT;TOT;PC_PA;A;1991;8,44583;8,4458%
DEU;LTINT;TOT;PC_PA;A;1992;7,83521;7,8352%
DEU;LTINT;TOT;PC_PA;A;1993;6,49646;6,4965%
DEU;LTINT;TOT;PC_PA;A;1994;6,88441;6,8844%
DEU;LTINT;TOT;PC_PA;A;1995;6,85054;6,8505%
DEU;LTINT;TOT;PC_PA;A;1996;6,21538;6,2154%
DEU;LTINT;TOT;PC_PA;A;1997;5,64014;5,6401%
DEU;LTINT;TOT;PC_PA;A;1998;4,57392;4,5739%
DEU;LTINT;TOT;PC_PA;A;1999;4,49061;4,4906%
DEU;LTINT;TOT;PC_PA;A;2000;5,26396;5,2640%
DEU;LTINT;TOT;PC_PA;A;2001;4,79675;4,7967%
DEU;LTINT;TOT;PC_PA;A;2002;4,78366;4,7837%
DEU;LTINT;TOT;PC_PA;A;2003;4,07114;4,0711%
DEU;LTINT;TOT;PC_PA;A;2004;4,03723;4,0372%
DEU;LTINT;TOT;PC_PA;A;2005;3,35402;3,3540%
DEU;LTINT;TOT;PC_PA;A;2006;3,76413;3,7641%
DEU;LTINT;TOT;PC_PA;A;2007;4,21711;4,2171%
DEU;LTINT;TOT;PC_PA;A;2008;3,98480;3,9848%
DEU;LTINT;TOT;PC_PA;A;2009;3,22222;3,2222%
DEU;LTINT;TOT;PC_PA;A;2010;2,74431;2,7443%
DEU;LTINT;TOT;PC_PA;A;2011;2,60922;2,6092%
DEU;LTINT;TOT;PC_PA;A;2012;1,49513;1,4951%
DEU;LTINT;TOT;PC_PA;A;2013;1,57141;1,5714%
DEU;LTINT;TOT;PC_PA;A;2014;1,16351;1,1635%
DEU;LTINT;TOT;PC_PA;A;2015;0,49531;0,4953%
DEU;LTINT;TOT;PC_PA;A;2016;0,09158;0,0916%
DEU;LTINT;TOT;PC_PA;A;2017;0,31638;0,3164%
DEU;LTINT;TOT;PC_PA;A;2018;0,39648;0,3965%
DEU;LTINT;TOT;PC_PA;A;2019;-0,25363;-0,2536%
USA;LTINT;TOT;PC_PA;A;1954;2,40167;2,4017%
USA;LTINT;TOT;PC_PA;A;1955;2,81667;2,8167%
USA;LTINT;TOT;PC_PA;A;1956;3,18250;3,1825%
USA;LTINT;TOT;PC_PA;A;1957;3,64750;3,6475%
USA;LTINT;TOT;PC_PA;A;1958;3,31583;3,3158%
USA;LTINT;TOT;PC_PA;A;1959;4,33333;4,3333%
USA;LTINT;TOT;PC_PA;A;1960;4,11667;4,1167%
USA;LTINT;TOT;PC_PA;A;1961;3,88250;3,8825%
USA;LTINT;TOT;PC_PA;A;1962;3,94583;3,9458%
USA;LTINT;TOT;PC_PA;A;1963;4,00250;4,0025%
USA;LTINT;TOT;PC_PA;A;1964;4,18667;4,1867%
USA;LTINT;TOT;PC_PA;A;1965;4,28250;4,2825%
USA;LTINT;TOT;PC_PA;A;1966;4,92333;4,9233%
USA;LTINT;TOT;PC_PA;A;1967;5,07333;5,0733%
USA;LTINT;TOT;PC_PA;A;1968;5,64583;5,6458%
USA;LTINT;TOT;PC_PA;A;1969;6,67083;6,6708%
USA;LTINT;TOT;PC_PA;A;1970;7,34833;7,3483%
USA;LTINT;TOT;PC_PA;A;1971;6,15917;6,1592%
USA;LTINT;TOT;PC_PA;A;1972;6,21000;6,2100%
USA;LTINT;TOT;PC_PA;A;1973;6,84250;6,8425%
USA;LTINT;TOT;PC_PA;A;1974;7,55750;7,5575%
USA;LTINT;TOT;PC_PA;A;1975;7,98750;7,9875%
USA;LTINT;TOT;PC_PA;A;1976;7,61167;7,6117%
USA;LTINT;TOT;PC_PA;A;1977;7,41917;7,4192%
USA;LTINT;TOT;PC_PA;A;1978;8,41000;8,4100%
USA;LTINT;TOT;PC_PA;A;1979;9,44250;9,4425%
USA;LTINT;TOT;PC_PA;A;1980;11,46000;11,4600%
USA;LTINT;TOT;PC_PA;A;1981;13,91083;13,9108%
USA;LTINT;TOT;PC_PA;A;1982;13,00167;13,0017%
USA;LTINT;TOT;PC_PA;A;1983;11,10500;11,1050%
USA;LTINT;TOT;PC_PA;A;1984;12,43833;12,4383%
USA;LTINT;TOT;PC_PA;A;1985;10,62333;10,6233%
USA;LTINT;TOT;PC_PA;A;1986;7,68250;7,6825%
USA;LTINT;TOT;PC_PA;A;1987;8,38417;8,3842%
USA;LTINT;TOT;PC_PA;A;1988;8,84583;8,8458%
USA;LTINT;TOT;PC_PA;A;1989;8,49833;8,4983%
USA;LTINT;TOT;PC_PA;A;1990;8,55000;8,5500%
USA;LTINT;TOT;PC_PA;A;1991;7,85833;7,8583%
USA;LTINT;TOT;PC_PA;A;1992;7,01000;7,0100%
USA;LTINT;TOT;PC_PA;A;1993;5,87333;5,8733%
USA;LTINT;TOT;PC_PA;A;1994;7,08000;7,0800%
USA;LTINT;TOT;PC_PA;A;1995;6,58000;6,5800%
USA;LTINT;TOT;PC_PA;A;1996;6,43833;6,4383%
USA;LTINT;TOT;PC_PA;A;1997;6,35250;6,3525%
USA;LTINT;TOT;PC_PA;A;1998;5,26417;5,2642%
USA;LTINT;TOT;PC_PA;A;1999;5,63667;5,6367%
USA;LTINT;TOT;PC_PA;A;2000;6,02917;6,0292%
USA;LTINT;TOT;PC_PA;A;2001;5,01750;5,0175%
USA;LTINT;TOT;PC_PA;A;2002;4,61083;4,6108%
USA;LTINT;TOT;PC_PA;A;2003;4,01500;4,0150%
USA;LTINT;TOT;PC_PA;A;2004;4,27417;4,2742%
USA;LTINT;TOT;PC_PA;A;2005;4,29000;4,2900%
USA;LTINT;TOT;PC_PA;A;2006;4,79167;4,7917%
USA;LTINT;TOT;PC_PA;A;2007;4,62917;4,6292%
USA;LTINT;TOT;PC_PA;A;2008;3,66667;3,6667%
USA;LTINT;TOT;PC_PA;A;2009;3,25667;3,2567%
USA;LTINT;TOT;PC_PA;A;2010;3,21417;3,2142%
USA;LTINT;TOT;PC_PA;A;2011;2,78583;2,7858%
USA;LTINT;TOT;PC_PA;A;2012;1,80250;1,8025%
USA;LTINT;TOT;PC_PA;A;2013;2,35083;2,3508%
USA;LTINT;TOT;PC_PA;A;2014;2,54083;2,5408%
USA;LTINT;TOT;PC_PA;A;2015;2,13583;2,1358%
USA;LTINT;TOT;PC_PA;A;2016;1,84167;1,8417%
USA;LTINT;TOT;PC_PA;A;2017;2,33000;2,3300%
USA;LTINT;TOT;PC_PA;A;2018;2,91000;2,9100%
USA;LTINT;TOT;PC_PA;A;2019;2,14417;2,1442%
IRL;LTINT;TOT;PC_PA;A;1971;9,38663;9,3866%
IRL;LTINT;TOT;PC_PA;A;1972;9,21729;9,2173%
IRL;LTINT;TOT;PC_PA;A;1973;10,88955;10,8896%
IRL;LTINT;TOT;PC_PA;A;1974;14,85469;14,8547%
IRL;LTINT;TOT;PC_PA;A;1975;14,19172;14,1917%
IRL;LTINT;TOT;PC_PA;A;1976;14,84792;14,8479%
IRL;LTINT;TOT;PC_PA;A;1977;13,09353;13,0935%
IRL;LTINT;TOT;PC_PA;A;1978;13,04019;13,0402%
IRL;LTINT;TOT;PC_PA;A;1979;15,30684;15,3068%
IRL;LTINT;TOT;PC_PA;A;1980;15,59895;15,5990%
IRL;LTINT;TOT;PC_PA;A;1981;17,54469;17,5447%
IRL;LTINT;TOT;PC_PA;A;1982;17,33132;17,3313%
IRL;LTINT;TOT;PC_PA;A;1983;14,12737;14,1274%
IRL;LTINT;TOT;PC_PA;A;1984;14,84707;14,8471%
IRL;LTINT;TOT;PC_PA;A;1985;12,98515;12,9852%
IRL;LTINT;TOT;PC_PA;A;1986;11,40265;11,4027%
IRL;LTINT;TOT;PC_PA;A;1987;11,43991;11,4399%
IRL;LTINT;TOT;PC_PA;A;1988;9,51110;9,5111%
IRL;LTINT;TOT;PC_PA;A;1989;9,31720;9,3172%
IRL;LTINT;TOT;PC_PA;A;1990;10,43910;10,4391%
IRL;LTINT;TOT;PC_PA;A;1991;9,52465;9,5246%
IRL;LTINT;TOT;PC_PA;A;1992;9,46623;9,4662%
IRL;LTINT;TOT;PC_PA;A;1993;7,70083;7,7008%
IRL;LTINT;TOT;PC_PA;A;1994;7,92083;7,9208%
IRL;LTINT;TOT;PC_PA;A;1995;8,25500;8,2550%
IRL;LTINT;TOT;PC_PA;A;1996;7,28917;7,2892%
IRL;LTINT;TOT;PC_PA;A;1997;6,29333;6,2933%
IRL;LTINT;TOT;PC_PA;A;1998;4,79667;4,7967%
IRL;LTINT;TOT;PC_PA;A;1999;4,71083;4,7108%
IRL;LTINT;TOT;PC_PA;A;2000;5,51250;5,5125%
IRL;LTINT;TOT;PC_PA;A;2001;5,01167;5,0117%
IRL;LTINT;TOT;PC_PA;A;2002;5,01000;5,0100%
IRL;LTINT;TOT;PC_PA;A;2003;4,13250;4,1325%
IRL;LTINT;TOT;PC_PA;A;2004;4,07667;4,0767%
IRL;LTINT;TOT;PC_PA;A;2005;3,32917;3,3292%
IRL;LTINT;TOT;PC_PA;A;2006;3,76500;3,7650%
IRL;LTINT;TOT;PC_PA;A;2007;4,30583;4,3058%
IRL;LTINT;TOT;PC_PA;A;2008;4,52583;4,5258%
IRL;LTINT;TOT;PC_PA;A;2009;5,22500;5,2250%
IRL;LTINT;TOT;PC_PA;A;2010;5,73917;5,7392%
IRL;LTINT;TOT;PC_PA;A;2011;9,60167;9,6017%
IRL;LTINT;TOT;PC_PA;A;2012;6,17167;6,1717%
IRL;LTINT;TOT;PC_PA;A;2013;3,79000;3,7900%
IRL;LTINT;TOT;PC_PA;A;2014;2,36750;2,3675%
IRL;LTINT;TOT;PC_PA;A;2015;1,18250;1,1825%
IRL;LTINT;TOT;PC_PA;A;2016;0,73583;0,7358%
IRL;LTINT;TOT;PC_PA;A;2017;0,80167;0,8017%
IRL;LTINT;TOT;PC_PA;A;2018;0,95083;0,9508%
IRL;LTINT;TOT;PC_PA;A;2019;0,33333;0,3333%
DNK;LTINT;TOT;PC_PA;A;1987;11,28435;11,2844%
DNK;LTINT;TOT;PC_PA;A;1988;9,88370;9,8837%
DNK;LTINT;TOT;PC_PA;A;1989;9,70635;9,7064%
DNK;LTINT;TOT;PC_PA;A;1990;10,62874;10,6287%
DNK;LTINT;TOT;PC_PA;A;1991;9,26248;9,2625%
DNK;LTINT;TOT;PC_PA;A;1992;8,98747;8,9875%
DNK;LTINT;TOT;PC_PA;A;1993;7,30279;7,3028%
DNK;LTINT;TOT;PC_PA;A;1994;7,82543;7,8254%
DNK;LTINT;TOT;PC_PA;A;1995;8,27014;8,2701%
DNK;LTINT;TOT;PC_PA;A;1996;7,19293;7,1929%
DNK;LTINT;TOT;PC_PA;A;1997;6,26118;6,2612%
DNK;LTINT;TOT;PC_PA;A;1998;5,03993;5,0399%
DNK;LTINT;TOT;PC_PA;A;1999;4,91720;4,9172%
DNK;LTINT;TOT;PC_PA;A;2000;5,66013;5,6601%
DNK;LTINT;TOT;PC_PA;A;2001;5,09365;5,0937%
DNK;LTINT;TOT;PC_PA;A;2002;5,05597;5,0560%
DNK;LTINT;TOT;PC_PA;A;2003;4,30774;4,3077%
DNK;LTINT;TOT;PC_PA;A;2004;4,30471;4,3047%
DNK;LTINT;TOT;PC_PA;A;2005;3,40363;3,4036%
DNK;LTINT;TOT;PC_PA;A;2006;3,81218;3,8122%
DNK;LTINT;TOT;PC_PA;A;2007;4,28661;4,2866%
DNK;LTINT;TOT;PC_PA;A;2008;4,28143;4,2814%
DNK;LTINT;TOT;PC_PA;A;2009;3,58624;3,5862%
DNK;LTINT;TOT;PC_PA;A;2010;2,92606;2,9261%
DNK;LTINT;TOT;PC_PA;A;2011;2,72935;2,7294%
DNK;LTINT;TOT;PC_PA;A;2012;1,40306;1,4031%
DNK;LTINT;TOT;PC_PA;A;2013;1,74583;1,7458%
DNK;LTINT;TOT;PC_PA;A;2014;1,32667;1,3267%
DNK;LTINT;TOT;PC_PA;A;2015;0,69083;0,6908%
DNK;LTINT;TOT;PC_PA;A;2016;0,32083;0,3208%
DNK;LTINT;TOT;PC_PA;A;2017;0,47667;0,4767%
DNK;LTINT;TOT;PC_PA;A;2018;0,45583;0,4558%
DNK;LTINT;TOT;PC_PA;A;2019;-0,18500;-0,1850%
CZE;LTINT;TOT;PC_PA;A;2001;6,31417;6,3142%
CZE;LTINT;TOT;PC_PA;A;2002;4,87667;4,8767%
CZE;LTINT;TOT;PC_PA;A;2003;4,11583;4,1158%
CZE;LTINT;TOT;PC_PA;A;2004;4,82083;4,8208%
CZE;LTINT;TOT;PC_PA;A;2005;3,54250;3,5425%
CZE;LTINT;TOT;PC_PA;A;2006;3,80000;3,8000%
CZE;LTINT;TOT;PC_PA;A;2007;4,30250;4,3025%
CZE;LTINT;TOT;PC_PA;A;2008;4,63333;4,6333%
CZE;LTINT;TOT;PC_PA;A;2009;4,83750;4,8375%
CZE;LTINT;TOT;PC_PA;A;2010;3,88417;3,8842%
CZE;LTINT;TOT;PC_PA;A;2011;3,70750;3,7075%
CZE;LTINT;TOT;PC_PA;A;2012;2,78167;2,7817%
CZE;LTINT;TOT;PC_PA;A;2013;2,11167;2,1117%
CZE;LTINT;TOT;PC_PA;A;2014;1,57583;1,5758%
CZE;LTINT;TOT;PC_PA;A;2015;0,57500;0,5750%
CZE;LTINT;TOT;PC_PA;A;2016;0,42750;0,4275%
CZE;LTINT;TOT;PC_PA;A;2017;0,98083;0,9808%
CZE;LTINT;TOT;PC_PA;A;2018;1,98167;1,9817%
CZE;LTINT;TOT;PC_PA;A;2019;1,54833;1,5483%
LUX;LTINT;TOT;PC_PA;A;1994;7,15000;7,1500%
LUX;LTINT;TOT;PC_PA;A;1995;7,22917;7,2292%
LUX;LTINT;TOT;PC_PA;A;1996;6,29667;6,2967%
LUX;LTINT;TOT;PC_PA;A;1997;5,59833;5,5983%
LUX;LTINT;TOT;PC_PA;A;1998;4,72833;4,7283%
LUX;LTINT;TOT;PC_PA;A;1999;4,66500;4,6650%
LUX;LTINT;TOT;PC_PA;A;2000;5,51833;5,5183%
LUX;LTINT;TOT;PC_PA;A;2001;4,86083;4,8608%
LUX;LTINT;TOT;PC_PA;A;2002;4,68333;4,6833%
LUX;LTINT;TOT;PC_PA;A;2003;3,31533;3,3153%
LUX;LTINT;TOT;PC_PA;A;2004;2,84126;2,8413%
LUX;LTINT;TOT;PC_PA;A;2005;2,41352;2,4135%
LUX;LTINT;TOT;PC_PA;A;2006;3,30333;3,3033%
LUX;LTINT;TOT;PC_PA;A;2010;2,95009;2,9501%
LUX;LTINT;TOT;PC_PA;A;2011;2,92189;2,9219%
LUX;LTINT;TOT;PC_PA;A;2012;1,83466;1,8347%
LUX;LTINT;TOT;PC_PA;A;2013;1,84962;1,8496%
LUX;LTINT;TOT;PC_PA;A;2014;1,33625;1,3362%
LUX;LTINT;TOT;PC_PA;A;2015;0,36428;0,3643%
LUX;LTINT;TOT;PC_PA;A;2016;-0,17724;-0,1772%
LUX;LTINT;TOT;PC_PA;A;2017;0,50271;0,5027%
LUX;LTINT;TOT;PC_PA;A;2018;0,56406;0,5641%
LUX;LTINT;TOT;PC_PA;A;2019;-0,12002;-0,1200%
SWE;LTINT;TOT;PC_PA;A;1987;11,68000;11,6800%
SWE;LTINT;TOT;PC_PA;A;1988;11,35167;11,3517%
SWE;LTINT;TOT;PC_PA;A;1989;11,18000;11,1800%
SWE;LTINT;TOT;PC_PA;A;1990;13,15917;13,1592%
SWE;LTINT;TOT;PC_PA;A;1991;10,69083;10,6908%
SWE;LTINT;TOT;PC_PA;A;1992;10,01667;10,0167%
SWE;LTINT;TOT;PC_PA;A;1993;8,53917;8,5392%
SWE;LTINT;TOT;PC_PA;A;1994;9,49500;9,4950%
SWE;LTINT;TOT;PC_PA;A;1995;10,24417;10,2442%
SWE;LTINT;TOT;PC_PA;A;1996;8,02667;8,0267%
SWE;LTINT;TOT;PC_PA;A;1997;6,61417;6,6142%
SWE;LTINT;TOT;PC_PA;A;1998;4,98917;4,9892%
SWE;LTINT;TOT;PC_PA;A;1999;4,98000;4,9800%
SWE;LTINT;TOT;PC_PA;A;2000;5,36750;5,3675%
SWE;LTINT;TOT;PC_PA;A;2001;5,10750;5,1075%
SWE;LTINT;TOT;PC_PA;A;2002;5,30333;5,3033%
SWE;LTINT;TOT;PC_PA;A;2003;4,63833;4,6383%
SWE;LTINT;TOT;PC_PA;A;2004;4,42500;4,4250%
SWE;LTINT;TOT;PC_PA;A;2005;3,38250;3,3825%
SWE;LTINT;TOT;PC_PA;A;2006;3,70417;3,7042%
SWE;LTINT;TOT;PC_PA;A;2007;4,16750;4,1675%
SWE;LTINT;TOT;PC_PA;A;2008;3,88750;3,8875%
SWE;LTINT;TOT;PC_PA;A;2009;3,25000;3,2500%
SWE;LTINT;TOT;PC_PA;A;2010;2,89333;2,8933%
SWE;LTINT;TOT;PC_PA;A;2011;2,60500;2,6050%
SWE;LTINT;TOT;PC_PA;A;2012;1,59250;1,5925%
SWE;LTINT;TOT;PC_PA;A;2013;2,12083;2,1208%
SWE;LTINT;TOT;PC_PA;A;2014;1,72000;1,7200%
SWE;LTINT;TOT;PC_PA;A;2015;0,71917;0,7192%
SWE;LTINT;TOT;PC_PA;A;2016;0,51917;0,5192%
SWE;LTINT;TOT;PC_PA;A;2017;0,65500;0,6550%
SWE;LTINT;TOT;PC_PA;A;2018;0,65167;0,6517%
SWE;LTINT;TOT;PC_PA;A;2019;0,04667;0,0467%
FRA;LTINT;TOT;PC_PA;A;1960;5,66333;5,6633%
FRA;LTINT;TOT;PC_PA;A;1961;5,51917;5,5192%
FRA;LTINT;TOT;PC_PA;A;1962;5,43417;5,4342%
FRA;LTINT;TOT;PC_PA;A;1963;5,33833;5,3383%
FRA;LTINT;TOT;PC_PA;A;1964;5,44917;5,4492%
FRA;LTINT;TOT;PC_PA;A;1965;6,20250;6,2025%
FRA;LTINT;TOT;PC_PA;A;1966;6,57917;6,5792%
FRA;LTINT;TOT;PC_PA;A;1967;6,70667;6,7067%
FRA;LTINT;TOT;PC_PA;A;1968;6,95083;6,9508%
FRA;LTINT;TOT;PC_PA;A;1969;8,17750;8,1775%
FRA;LTINT;TOT;PC_PA;A;1970;8,55083;8,5508%
FRA;LTINT;TOT;PC_PA;A;1971;8,42167;8,4217%
FRA;LTINT;TOT;PC_PA;A;1972;8,01333;8,0133%
FRA;LTINT;TOT;PC_PA;A;1973;8,99833;8,9983%
FRA;LTINT;TOT;PC_PA;A;1974;11,00250;11,0025%
FRA;LTINT;TOT;PC_PA;A;1975;10,31167;10,3117%
FRA;LTINT;TOT;PC_PA;A;1976;10,51000;10,5100%
FRA;LTINT;TOT;PC_PA;A;1977;10,99167;10,9917%
FRA;LTINT;TOT;PC_PA;A;1978;10,61167;10,6117%
FRA;LTINT;TOT;PC_PA;A;1979;10,84750;10,8475%
FRA;LTINT;TOT;PC_PA;A;1980;13,78417;13,7842%
FRA;LTINT;TOT;PC_PA;A;1981;16,29167;16,2917%
FRA;LTINT;TOT;PC_PA;A;1982;15,99750;15,9975%
FRA;LTINT;TOT;PC_PA;A;1983;14,36833;14,3683%
FRA;LTINT;TOT;PC_PA;A;1984;13,40417;13,4042%
FRA;LTINT;TOT;PC_PA;A;1985;11,86667;11,8667%
FRA;LTINT;TOT;PC_PA;A;1986;9,11917;9,1192%
FRA;LTINT;TOT;PC_PA;A;1987;9,47863;9,4786%
FRA;LTINT;TOT;PC_PA;A;1988;9,08405;9,0841%
FRA;LTINT;TOT;PC_PA;A;1989;8,79606;8,7961%
FRA;LTINT;TOT;PC_PA;A;1990;9,93212;9,9321%
FRA;LTINT;TOT;PC_PA;A;1991;9,03834;9,0383%
FRA;LTINT;TOT;PC_PA;A;1992;8,58788;8,5879%
FRA;LTINT;TOT;PC_PA;A;1993;6,77500;6,7750%
FRA;LTINT;TOT;PC_PA;A;1994;7,21379;7,2138%
FRA;LTINT;TOT;PC_PA;A;1995;7,53498;7,5350%
FRA;LTINT;TOT;PC_PA;A;1996;6,31214;6,3121%
FRA;LTINT;TOT;PC_PA;A;1997;5,58251;5,5825%
FRA;LTINT;TOT;PC_PA;A;1998;4,64021;4,6402%
FRA;LTINT;TOT;PC_PA;A;1999;4,60878;4,6088%
FRA;LTINT;TOT;PC_PA;A;2000;5,39447;5,3945%
FRA;LTINT;TOT;PC_PA;A;2001;4,93946;4,9395%
FRA;LTINT;TOT;PC_PA;A;2002;4,86122;4,8612%
FRA;LTINT;TOT;PC_PA;A;2003;4,13089;4,1309%
FRA;LTINT;TOT;PC_PA;A;2004;4,09917;4,0992%
FRA;LTINT;TOT;PC_PA;A;2005;3,40944;3,4094%
FRA;LTINT;TOT;PC_PA;A;2006;3,79574;3,7957%
FRA;LTINT;TOT;PC_PA;A;2007;4,30320;4,3032%
FRA;LTINT;TOT;PC_PA;A;2008;4,23433;4,2343%
FRA;LTINT;TOT;PC_PA;A;2009;3,64882;3,6488%
FRA;LTINT;TOT;PC_PA;A;2010;3,11702;3,1170%
FRA;LTINT;TOT;PC_PA;A;2011;3,32106;3,3211%
FRA;LTINT;TOT;PC_PA;A;2012;2,53599;2,5360%
FRA;LTINT;TOT;PC_PA;A;2013;2,20435;2,2044%
FRA;LTINT;TOT;PC_PA;A;2014;1,66644;1,6664%
FRA;LTINT;TOT;PC_PA;A;2015;0,84186;0,8419%
FRA;LTINT;TOT;PC_PA;A;2016;0,46788;0,4679%
FRA;LTINT;TOT;PC_PA;A;2017;0,80986;0,8099%
FRA;LTINT;TOT;PC_PA;A;2018;0,78411;0,7841%
FRA;LTINT;TOT;PC_PA;A;2019;0,13020;0,1302%
CAN;LTINT;TOT;PC_PA;A;1955;3,18917;3,1892%
CAN;LTINT;TOT;PC_PA;A;1956;3,60583;3,6058%
CAN;LTINT;TOT;PC_PA;A;1957;4,12500;4,1250%
CAN;LTINT;TOT;PC_PA;A;1958;4,11583;4,1158%
CAN;LTINT;TOT;PC_PA;A;1959;5,04833;5,0483%
CAN;LTINT;TOT;PC_PA;A;1960;5,18833;5,1883%
CAN;LTINT;TOT;PC_PA;A;1961;5,05833;5,0583%
CAN;LTINT;TOT;PC_PA;A;1962;5,09917;5,0992%
CAN;LTINT;TOT;PC_PA;A;1963;5,09083;5,0908%
CAN;LTINT;TOT;PC_PA;A;1964;5,18417;5,1842%
CAN;LTINT;TOT;PC_PA;A;1965;5,19917;5,1992%
CAN;LTINT;TOT;PC_PA;A;1966;5,68500;5,6850%
CAN;LTINT;TOT;PC_PA;A;1967;5,89833;5,8983%
CAN;LTINT;TOT;PC_PA;A;1968;6,72500;6,7250%
CAN;LTINT;TOT;PC_PA;A;1969;7,55833;7,5583%
CAN;LTINT;TOT;PC_PA;A;1970;7,96583;7,9658%
CAN;LTINT;TOT;PC_PA;A;1971;6,94500;6,9450%
CAN;LTINT;TOT;PC_PA;A;1972;7,22500;7,2250%
CAN;LTINT;TOT;PC_PA;A;1973;7,52833;7,5283%
CAN;LTINT;TOT;PC_PA;A;1974;8,87000;8,8700%
CAN;LTINT;TOT;PC_PA;A;1975;8,99333;8,9933%
CAN;LTINT;TOT;PC_PA;A;1976;9,22917;9,2292%
CAN;LTINT;TOT;PC_PA;A;1977;8,69333;8,6933%
CAN;LTINT;TOT;PC_PA;A;1978;9,23583;9,2358%
CAN;LTINT;TOT;PC_PA;A;1979;10,17917;10,1792%
CAN;LTINT;TOT;PC_PA;A;1980;12,33833;12,3383%
CAN;LTINT;TOT;PC_PA;A;1981;14,98917;14,9892%
CAN;LTINT;TOT;PC_PA;A;1982;14,43533;14,4353%
CAN;LTINT;TOT;PC_PA;A;1983;11,39858;11,3986%
CAN;LTINT;TOT;PC_PA;A;1984;12,71004;12,7100%
CAN;LTINT;TOT;PC_PA;A;1985;10,91183;10,9118%
CAN;LTINT;TOT;PC_PA;A;1986;9,14554;9,1455%
CAN;LTINT;TOT;PC_PA;A;1987;9,47071;9,4707%
CAN;LTINT;TOT;PC_PA;A;1988;9,83092;9,8309%
CAN;LTINT;TOT;PC_PA;A;1989;9,78318;9,7832%
CAN;LTINT;TOT;PC_PA;A;1990;10,71762;10,7176%
CAN;LTINT;TOT;PC_PA;A;1991;9,44977;9,4498%
CAN;LTINT;TOT;PC_PA;A;1992;8,07655;8,0765%
CAN;LTINT;TOT;PC_PA;A;1993;7,24435;7,2444%
CAN;LTINT;TOT;PC_PA;A;1994;8,36164;8,3616%
CAN;LTINT;TOT;PC_PA;A;1995;8,16179;8,1618%
CAN;LTINT;TOT;PC_PA;A;1996;7,22992;7,2299%
CAN;LTINT;TOT;PC_PA;A;1997;6,14307;6,1431%
CAN;LTINT;TOT;PC_PA;A;1998;5,27905;5,2791%
CAN;LTINT;TOT;PC_PA;A;1999;5,54110;5,5411%
CAN;LTINT;TOT;PC_PA;A;2000;5,92541;5,9254%
CAN;LTINT;TOT;PC_PA;A;2001;5,48027;5,4803%
CAN;LTINT;TOT;PC_PA;A;2002;5,29091;5,2909%
CAN;LTINT;TOT;PC_PA;A;2003;4,81054;4,8105%
CAN;LTINT;TOT;PC_PA;A;2004;4,57961;4,5796%
CAN;LTINT;TOT;PC_PA;A;2005;4,06693;4,0669%
CAN;LTINT;TOT;PC_PA;A;2006;4,20776;4,2078%
CAN;LTINT;TOT;PC_PA;A;2007;4,26977;4,2698%
CAN;LTINT;TOT;PC_PA;A;2008;3,60530;3,6053%
CAN;LTINT;TOT;PC_PA;A;2009;3,23062;3,2306%
CAN;LTINT;TOT;PC_PA;A;2010;3,23514;3,2351%
CAN;LTINT;TOT;PC_PA;A;2011;2,78304;2,7830%
CAN;LTINT;TOT;PC_PA;A;2012;1,87341;1,8734%
CAN;LTINT;TOT;PC_PA;A;2013;2,26196;2,2620%
CAN;LTINT;TOT;PC_PA;A;2014;2,23083;2,2308%
CAN;LTINT;TOT;PC_PA;A;2015;1,52170;1,5217%
CAN;LTINT;TOT;PC_PA;A;2016;1,25176;1,2518%
CAN;LTINT;TOT;PC_PA;A;2017;1,78365;1,7837%
CAN;LTINT;TOT;PC_PA;A;2018;2,27791;2,2779%
CAN;LTINT;TOT;PC_PA;A;2019;1,58888;1,5889%
NLD;LTINT;TOT;PC_PA;A;1959;4,39833;4,3983%
NLD;LTINT;TOT;PC_PA;A;1960;4,45500;4,4550%
NLD;LTINT;TOT;PC_PA;A;1961;4,17917;4,1792%
NLD;LTINT;TOT;PC_PA;A;1962;4,23583;4,2358%
NLD;LTINT;TOT;PC_PA;A;1963;4,30917;4,3092%
NLD;LTINT;TOT;PC_PA;A;1964;5,08917;5,0892%
NLD;LTINT;TOT;PC_PA;A;1965;5,50083;5,5008%
NLD;LTINT;TOT;PC_PA;A;1966;6,58333;6,5833%
NLD;LTINT;TOT;PC_PA;A;1967;6,42417;6,4242%
NLD;LTINT;TOT;PC_PA;A;1968;6,51917;6,5192%
NLD;LTINT;TOT;PC_PA;A;1969;7,47333;7,4733%
NLD;LTINT;TOT;PC_PA;A;1970;8,01083;8,0108%
NLD;LTINT;TOT;PC_PA;A;1971;7,62583;7,6258%
NLD;LTINT;TOT;PC_PA;A;1972;7,35417;7,3542%
NLD;LTINT;TOT;PC_PA;A;1973;7,91667;7,9167%
NLD;LTINT;TOT;PC_PA;A;1974;9,82417;9,8242%
NLD;LTINT;TOT;PC_PA;A;1975;8,78667;8,7867%
NLD;LTINT;TOT;PC_PA;A;1976;8,95250;8,9525%
NLD;LTINT;TOT;PC_PA;A;1977;8,10083;8,1008%
NLD;LTINT;TOT;PC_PA;A;1978;7,73583;7,7358%
NLD;LTINT;TOT;PC_PA;A;1979;8,77500;8,7750%
NLD;LTINT;TOT;PC_PA;A;1980;10,20833;10,2083%
NLD;LTINT;TOT;PC_PA;A;1981;11,55250;11,5525%
NLD;LTINT;TOT;PC_PA;A;1982;10,09750;10,0975%
NLD;LTINT;TOT;PC_PA;A;1983;8,61083;8,6108%
NLD;LTINT;TOT;PC_PA;A;1984;8,32833;8,3283%
NLD;LTINT;TOT;PC_PA;A;1985;7,32750;7,3275%
NLD;LTINT;TOT;PC_PA;A;1986;6,31750;6,3175%
NLD;LTINT;TOT;PC_PA;A;1987;6,40250;6,4025%
NLD;LTINT;TOT;PC_PA;A;1988;6,41583;6,4158%
NLD;LTINT;TOT;PC_PA;A;1989;7,21833;7,2183%
NLD;LTINT;TOT;PC_PA;A;1990;8,92083;8,9208%
NLD;LTINT;TOT;PC_PA;A;1991;8,73917;8,7392%
NLD;LTINT;TOT;PC_PA;A;1992;8,10250;8,1025%
NLD;LTINT;TOT;PC_PA;A;1993;6,36083;6,3608%
NLD;LTINT;TOT;PC_PA;A;1994;6,86500;6,8650%
NLD;LTINT;TOT;PC_PA;A;1995;6,89917;6,8992%
NLD;LTINT;TOT;PC_PA;A;1996;6,15083;6,1508%
NLD;LTINT;TOT;PC_PA;A;1997;5,57667;5,5767%
NLD;LTINT;TOT;PC_PA;A;1998;4,63167;4,6317%
NLD;LTINT;TOT;PC_PA;A;1999;4,62925;4,6293%
NLD;LTINT;TOT;PC_PA;A;2000;5,40383;5,4038%
NLD;LTINT;TOT;PC_PA;A;2001;4,95750;4,9575%
NLD;LTINT;TOT;PC_PA;A;2002;4,89025;4,8903%
NLD;LTINT;TOT;PC_PA;A;2003;4,12317;4,1232%
NLD;LTINT;TOT;PC_PA;A;2004;4,09500;4,0950%
NLD;LTINT;TOT;PC_PA;A;2005;3,37400;3,3740%
NLD;LTINT;TOT;PC_PA;A;2006;3,78075;3,7808%
NLD;LTINT;TOT;PC_PA;A;2007;4,28817;4,2882%
NLD;LTINT;TOT;PC_PA;A;2008;4,22675;4,2268%
NLD;LTINT;TOT;PC_PA;A;2009;3,68683;3,6868%
NLD;LTINT;TOT;PC_PA;A;2010;2,99008;2,9901%
NLD;LTINT;TOT;PC_PA;A;2011;2,98875;2,9888%
NLD;LTINT;TOT;PC_PA;A;2012;1,93350;1,9335%
NLD;LTINT;TOT;PC_PA;A;2013;1,95892;1,9589%
NLD;LTINT;TOT;PC_PA;A;2014;1,45467;1,4547%
NLD;LTINT;TOT;PC_PA;A;2015;0,69033;0,6903%
NLD;LTINT;TOT;PC_PA;A;2016;0,29108;0,2911%
NLD;LTINT;TOT;PC_PA;A;2017;0,52208;0,5221%
NLD;LTINT;TOT;PC_PA;A;2018;0,57667;0,5767%
NLD;LTINT;TOT;PC_PA;A;2019;-0,07000;-0,0700%
FIN;LTINT;TOT;PC_PA;A;1988;10,55750;10,5575%
FIN;LTINT;TOT;PC_PA;A;1989;12,08583;12,0858%
FIN;LTINT;TOT;PC_PA;A;1990;13,21000;13,2100%
FIN;LTINT;TOT;PC_PA;A;1991;11,71167;11,7117%
FIN;LTINT;TOT;PC_PA;A;1992;11,97250;11,9725%
FIN;LTINT;TOT;PC_PA;A;1993;8,82500;8,8250%
FIN;LTINT;TOT;PC_PA;A;1994;9,03667;9,0367%
FIN;LTINT;TOT;PC_PA;A;1995;8,79167;8,7917%
FIN;LTINT;TOT;PC_PA;A;1996;7,07667;7,0767%
FIN;LTINT;TOT;PC_PA;A;1997;5,95750;5,9575%
FIN;LTINT;TOT;PC_PA;A;1998;4,78750;4,7875%
FIN;LTINT;TOT;PC_PA;A;1999;4,72250;4,7225%
FIN;LTINT;TOT;PC_PA;A;2000;5,48250;5,4825%
FIN;LTINT;TOT;PC_PA;A;2001;5,04333;5,0433%
FIN;LTINT;TOT;PC_PA;A;2002;4,98083;4,9808%
FIN;LTINT;TOT;PC_PA;A;2003;4,13500;4,1350%
FIN;LTINT;TOT;PC_PA;A;2004;4,10917;4,1092%
FIN;LTINT;TOT;PC_PA;A;2005;3,35083;3,3508%
FIN;LTINT;TOT;PC_PA;A;2006;3,78250;3,7825%
FIN;LTINT;TOT;PC_PA;A;2007;4,29333;4,2933%
FIN;LTINT;TOT;PC_PA;A;2008;4,29000;4,2900%
FIN;LTINT;TOT;PC_PA;A;2009;3,73833;3,7383%
FIN;LTINT;TOT;PC_PA;A;2010;3,01083;3,0108%
FIN;LTINT;TOT;PC_PA;A;2011;3,00583;3,0058%
FIN;LTINT;TOT;PC_PA;A;2012;1,88333;1,8833%
FIN;LTINT;TOT;PC_PA;A;2013;1,86083;1,8608%
FIN;LTINT;TOT;PC_PA;A;2014;1,44833;1,4483%
FIN;LTINT;TOT;PC_PA;A;2015;0,72333;0,7233%
FIN;LTINT;TOT;PC_PA;A;2016;0,36500;0,3650%
FIN;LTINT;TOT;PC_PA;A;2017;0,54667;0,5467%
FIN;LTINT;TOT;PC_PA;A;2018;0,66167;0,6617%
FIN;LTINT;TOT;PC_PA;A;2019;0,07000;0,0700%
POL;LTINT;TOT;PC_PA;A;2001;10,68167;10,6817%
POL;LTINT;TOT;PC_PA;A;2002;7,35583;7,3558%
POL;LTINT;TOT;PC_PA;A;2003;5,77750;5,7775%
POL;LTINT;TOT;PC_PA;A;2004;6,89667;6,8967%
POL;LTINT;TOT;PC_PA;A;2005;5,21833;5,2183%
POL;LTINT;TOT;PC_PA;A;2006;5,23167;5,2317%
POL;LTINT;TOT;PC_PA;A;2007;5,48433;5,4843%
POL;LTINT;TOT;PC_PA;A;2008;6,07167;6,0717%
POL;LTINT;TOT;PC_PA;A;2009;6,12060;6,1206%
POL;LTINT;TOT;PC_PA;A;2010;5,78167;5,7817%
POL;LTINT;TOT;PC_PA;A;2011;5,95558;5,9556%
POL;LTINT;TOT;PC_PA;A;2012;4,99928;4,9993%
POL;LTINT;TOT;PC_PA;A;2013;4,03329;4,0333%
POL;LTINT;TOT;PC_PA;A;2014;3,51621;3,5162%
POL;LTINT;TOT;PC_PA;A;2015;2,70056;2,7006%
POL;LTINT;TOT;PC_PA;A;2016;3,03569;3,0357%
POL;LTINT;TOT;PC_PA;A;2017;3,42000;3,4200%
POL;LTINT;TOT;PC_PA;A;2018;3,19833;3,1983%
POL;LTINT;TOT;PC_PA;A;2019;2,34750;2,3475%
GBR;LTINT;TOT;PC_PA;A;1960;5,85583;5,8558%
GBR;LTINT;TOT;PC_PA;A;1961;6,26417;6,2642%
GBR;LTINT;TOT;PC_PA;A;1962;5,76417;5,7642%
GBR;LTINT;TOT;PC_PA;A;1963;5,16583;5,1658%
GBR;LTINT;TOT;PC_PA;A;1964;5,70250;5,7025%
GBR;LTINT;TOT;PC_PA;A;1965;6,55167;6,5517%
GBR;LTINT;TOT;PC_PA;A;1966;6,86667;6,8667%
GBR;LTINT;TOT;PC_PA;A;1967;6,70000;6,7000%
GBR;LTINT;TOT;PC_PA;A;1968;7,50917;7,5092%
GBR;LTINT;TOT;PC_PA;A;1969;8,83000;8,8300%
GBR;LTINT;TOT;PC_PA;A;1970;8,63417;8,6342%
GBR;LTINT;TOT;PC_PA;A;1971;7,86833;7,8683%
GBR;LTINT;TOT;PC_PA;A;1972;8,37500;8,3750%
GBR;LTINT;TOT;PC_PA;A;1973;10,55833;10,5583%
GBR;LTINT;TOT;PC_PA;A;1974;14,20667;14,2067%
GBR;LTINT;TOT;PC_PA;A;1975;13,18167;13,1817%
GBR;LTINT;TOT;PC_PA;A;1976;13,61000;13,6100%
GBR;LTINT;TOT;PC_PA;A;1977;12,02750;12,0275%
GBR;LTINT;TOT;PC_PA;A;1978;12,06500;12,0650%
GBR;LTINT;TOT;PC_PA;A;1979;12,94583;12,9458%
GBR;LTINT;TOT;PC_PA;A;1980;13,91333;13,9133%
GBR;LTINT;TOT;PC_PA;A;1981;14,88333;14,8833%
GBR;LTINT;TOT;PC_PA;A;1982;13,08500;13,0850%
GBR;LTINT;TOT;PC_PA;A;1983;11,26833;11,2683%
GBR;LTINT;TOT;PC_PA;A;1984;11,12750;11,1275%
GBR;LTINT;TOT;PC_PA;A;1985;10,97000;10,9700%
GBR;LTINT;TOT;PC_PA;A;1986;10,13500;10,1350%
GBR;LTINT;TOT;PC_PA;A;1987;9,57083;9,5708%
GBR;LTINT;TOT;PC_PA;A;1988;9,67583;9,6758%
GBR;LTINT;TOT;PC_PA;A;1989;10,19083;10,1908%
GBR;LTINT;TOT;PC_PA;A;1990;11,80250;11,8025%
GBR;LTINT;TOT;PC_PA;A;1991;10,10500;10,1050%
GBR;LTINT;TOT;PC_PA;A;1992;9,06333;9,0633%
GBR;LTINT;TOT;PC_PA;A;1993;7,47961;7,4796%
GBR;LTINT;TOT;PC_PA;A;1994;8,12210;8,1221%
GBR;LTINT;TOT;PC_PA;A;1995;8,20028;8,2003%
GBR;LTINT;TOT;PC_PA;A;1996;7,81018;7,8102%
GBR;LTINT;TOT;PC_PA;A;1997;7,05259;7,0526%
GBR;LTINT;TOT;PC_PA;A;1998;5,55096;5,5510%
GBR;LTINT;TOT;PC_PA;A;1999;5,09353;5,0935%
GBR;LTINT;TOT;PC_PA;A;2000;5,32898;5,3290%
GBR;LTINT;TOT;PC_PA;A;2001;4,92950;4,9295%
GBR;LTINT;TOT;PC_PA;A;2002;4,89424;4,8942%
GBR;LTINT;TOT;PC_PA;A;2003;4,52659;4,5266%
GBR;LTINT;TOT;PC_PA;A;2004;4,88227;4,8823%
GBR;LTINT;TOT;PC_PA;A;2005;4,41389;4,4139%
GBR;LTINT;TOT;PC_PA;A;2006;4,50168;4,5017%
GBR;LTINT;TOT;PC_PA;A;2007;5,01128;5,0113%
GBR;LTINT;TOT;PC_PA;A;2008;4,59073;4,5907%
GBR;LTINT;TOT;PC_PA;A;2009;3,64752;3,6475%
GBR;LTINT;TOT;PC_PA;A;2010;3,62443;3,6244%
GBR;LTINT;TOT;PC_PA;A;2011;3,13599;3,1360%
GBR;LTINT;TOT;PC_PA;A;2012;1,91804;1,9180%
GBR;LTINT;TOT;PC_PA;A;2013;2,38978;2,3898%
GBR;LTINT;TOT;PC_PA;A;2014;2,56908;2,5691%
GBR;LTINT;TOT;PC_PA;A;2015;1,90103;1,9010%
GBR;LTINT;TOT;PC_PA;A;2016;1,30521;1,3052%
GBR;LTINT;TOT;PC_PA;A;2017;1,23581;1,2358%
GBR;LTINT;TOT;PC_PA;A;2018;1,46066;1,4607%
GBR;LTINT;TOT;PC_PA;A;2019;0,93583;0,9358%
AUT;LTINT;TOT;PC_PA;A;1990;8,72750;8,7275%
AUT;LTINT;TOT;PC_PA;A;1991;8,54667;8,5467%
AUT;LTINT;TOT;PC_PA;A;1992;8,13917;8,1392%
AUT;LTINT;TOT;PC_PA;A;1993;6,70500;6,7050%
AUT;LTINT;TOT;PC_PA;A;1994;7,02500;7,0250%
AUT;LTINT;TOT;PC_PA;A;1995;7,13417;7,1342%
AUT;LTINT;TOT;PC_PA;A;1996;6,32250;6,3225%
AUT;LTINT;TOT;PC_PA;A;1997;5,68250;5,6825%
AUT;LTINT;TOT;PC_PA;A;1998;4,71333;4,7133%
AUT;LTINT;TOT;PC_PA;A;1999;4,67917;4,6792%
AUT;LTINT;TOT;PC_PA;A;2000;5,55667;5,5567%
AUT;LTINT;TOT;PC_PA;A;2001;5,07917;5,0792%
AUT;LTINT;TOT;PC_PA;A;2002;4,96417;4,9642%
AUT;LTINT;TOT;PC_PA;A;2003;4,14083;4,1408%
AUT;LTINT;TOT;PC_PA;A;2004;4,13083;4,1308%
AUT;LTINT;TOT;PC_PA;A;2005;3,39417;3,3942%
AUT;LTINT;TOT;PC_PA;A;2006;3,80000;3,8000%
AUT;LTINT;TOT;PC_PA;A;2007;4,29750;4,2975%
AUT;LTINT;TOT;PC_PA;A;2008;4,35833;4,3583%
AUT;LTINT;TOT;PC_PA;A;2009;3,93667;3,9367%
AUT;LTINT;TOT;PC_PA;A;2010;3,22583;3,2258%
AUT;LTINT;TOT;PC_PA;A;2011;3,31917;3,3192%
AUT;LTINT;TOT;PC_PA;A;2012;2,37250;2,3725%
AUT;LTINT;TOT;PC_PA;A;2013;2,01000;2,0100%
AUT;LTINT;TOT;PC_PA;A;2014;1,48750;1,4875%
AUT;LTINT;TOT;PC_PA;A;2015;0,74635;0,7464%
AUT;LTINT;TOT;PC_PA;A;2016;0,37539;0,3754%
AUT;LTINT;TOT;PC_PA;A;2017;0,58327;0,5833%
AUT;LTINT;TOT;PC_PA;A;2018;0,68615;0,6862%
AUT;LTINT;TOT;PC_PA;A;2019;0,06293;0,0629%
ESP;LTINT;TOT;PC_PA;A;1980;15,96083;15,9608%
ESP;LTINT;TOT;PC_PA;A;1981;15,81167;15,8117%
ESP;LTINT;TOT;PC_PA;A;1982;15,98750;15,9875%
ESP;LTINT;TOT;PC_PA;A;1983;16,90917;16,9092%
ESP;LTINT;TOT;PC_PA;A;1984;16,52250;16,5225%
ESP;LTINT;TOT;PC_PA;A;1985;13,36750;13,3675%
ESP;LTINT;TOT;PC_PA;A;1986;11,35417;11,3542%
ESP;LTINT;TOT;PC_PA;A;1987;12,81333;12,8133%
ESP;LTINT;TOT;PC_PA;A;1988;11,74417;11,7442%
ESP;LTINT;TOT;PC_PA;A;1989;13,60058;13,6006%
ESP;LTINT;TOT;PC_PA;A;1990;14,67750;14,6775%
ESP;LTINT;TOT;PC_PA;A;1991;12,36055;12,3606%
ESP;LTINT;TOT;PC_PA;A;1992;11,69519;11,6952%
ESP;LTINT;TOT;PC_PA;A;1993;10,21079;10,2108%
ESP;LTINT;TOT;PC_PA;A;1994;9,99779;9,9978%
ESP;LTINT;TOT;PC_PA;A;1995;11,27094;11,2709%
ESP;LTINT;TOT;PC_PA;A;1996;8,73646;8,7365%
ESP;LTINT;TOT;PC_PA;A;1997;6,40154;6,4015%
ESP;LTINT;TOT;PC_PA;A;1998;4,83293;4,8329%
ESP;LTINT;TOT;PC_PA;A;1999;4,72731;4,7273%
ESP;LTINT;TOT;PC_PA;A;2000;5,52587;5,5259%
ESP;LTINT;TOT;PC_PA;A;2001;5,11528;5,1153%
ESP;LTINT;TOT;PC_PA;A;2002;4,95764;4,9576%
ESP;LTINT;TOT;PC_PA;A;2003;4,12304;4,1230%
ESP;LTINT;TOT;PC_PA;A;2004;4,10414;4,1041%
ESP;LTINT;TOT;PC_PA;A;2005;3,38635;3,3863%
ESP;LTINT;TOT;PC_PA;A;2006;3,78431;3,7843%
ESP;LTINT;TOT;PC_PA;A;2007;4,30663;4,3066%
ESP;LTINT;TOT;PC_PA;A;2008;4,36373;4,3637%
ESP;LTINT;TOT;PC_PA;A;2009;3,97430;3,9743%
ESP;LTINT;TOT;PC_PA;A;2010;4,25000;4,2500%
ESP;LTINT;TOT;PC_PA;A;2011;5,43689;5,4369%
ESP;LTINT;TOT;PC_PA;A;2012;5,84654;5,8465%
ESP;LTINT;TOT;PC_PA;A;2013;4,56196;4,5620%
ESP;LTINT;TOT;PC_PA;A;2014;2,72183;2,7218%
ESP;LTINT;TOT;PC_PA;A;2015;1,73509;1,7351%
ESP;LTINT;TOT;PC_PA;A;2016;1,39330;1,3933%
ESP;LTINT;TOT;PC_PA;A;2017;1,55787;1,5579%
ESP;LTINT;TOT;PC_PA;A;2018;1,41935;1,4194%
ESP;LTINT;TOT;PC_PA;A;2019;0,66102;0,6610%
HUN;LTINT;TOT;PC_PA;A;2000;8,55000;8,5500%
HUN;LTINT;TOT;PC_PA;A;2001;7,94500;7,9450%
HUN;LTINT;TOT;PC_PA;A;2002;7,08583;7,0858%
HUN;LTINT;TOT;PC_PA;A;2003;6,77333;6,7733%
HUN;LTINT;TOT;PC_PA;A;2004;8,29167;8,2917%
HUN;LTINT;TOT;PC_PA;A;2005;6,59833;6,5983%
HUN;LTINT;TOT;PC_PA;A;2006;7,11583;7,1158%
HUN;LTINT;TOT;PC_PA;A;2007;6,74417;6,7442%
HUN;LTINT;TOT;PC_PA;A;2008;8,23833;8,2383%
HUN;LTINT;TOT;PC_PA;A;2009;9,12333;9,1233%
HUN;LTINT;TOT;PC_PA;A;2010;7,28167;7,2817%
HUN;LTINT;TOT;PC_PA;A;2011;7,63541;7,6354%
HUN;LTINT;TOT;PC_PA;A;2012;7,89083;7,8908%
HUN;LTINT;TOT;PC_PA;A;2013;5,92333;5,9233%
HUN;LTINT;TOT;PC_PA;A;2014;4,80917;4,8092%
HUN;LTINT;TOT;PC_PA;A;2015;3,43250;3,4325%
HUN;LTINT;TOT;PC_PA;A;2016;3,14333;3,1433%
HUN;LTINT;TOT;PC_PA;A;2017;2,96250;2,9625%
HUN;LTINT;TOT;PC_PA;A;2018;3,05833;3,0583%
HUN;LTINT;TOT;PC_PA;A;2019;2,46500;2,4650%
BEL;LTINT;TOT;PC_PA;A;1955;4,61417;4,6142%
BEL;LTINT;TOT;PC_PA;A;1956;4,75917;4,7592%
BEL;LTINT;TOT;PC_PA;A;1957;6,06500;6,0650%
BEL;LTINT;TOT;PC_PA;A;1958;5,41083;5,4108%
BEL;LTINT;TOT;PC_PA;A;1959;5,02083;5,0208%
BEL;LTINT;TOT;PC_PA;A;1960;5,54833;5,5483%
BEL;LTINT;TOT;PC_PA;A;1961;5,87167;5,8717%
BEL;LTINT;TOT;PC_PA;A;1962;5,17750;5,1775%
BEL;LTINT;TOT;PC_PA;A;1963;5,28250;5,2825%
BEL;LTINT;TOT;PC_PA;A;1964;6,45167;6,4517%
BEL;LTINT;TOT;PC_PA;A;1965;6,43833;6,4383%
BEL;LTINT;TOT;PC_PA;A;1966;6,65167;6,6517%
BEL;LTINT;TOT;PC_PA;A;1967;6,68417;6,6842%
BEL;LTINT;TOT;PC_PA;A;1968;6,54500;6,5450%
BEL;LTINT;TOT;PC_PA;A;1969;7,29333;7,2933%
BEL;LTINT;TOT;PC_PA;A;1970;7,80417;7,8042%
BEL;LTINT;TOT;PC_PA;A;1971;7,32167;7,3217%
BEL;LTINT;TOT;PC_PA;A;1972;7,04417;7,0442%
BEL;LTINT;TOT;PC_PA;A;1973;7,49417;7,4942%
BEL;LTINT;TOT;PC_PA;A;1974;8,76833;8,7683%
BEL;LTINT;TOT;PC_PA;A;1975;8,51583;8,5158%
BEL;LTINT;TOT;PC_PA;A;1976;9,08833;9,0883%
BEL;LTINT;TOT;PC_PA;A;1977;8,76250;8,7625%
BEL;LTINT;TOT;PC_PA;A;1978;8,92750;8,9275%
BEL;LTINT;TOT;PC_PA;A;1979;9,69333;9,6933%
BEL;LTINT;TOT;PC_PA;A;1980;11,90000;11,9000%
BEL;LTINT;TOT;PC_PA;A;1981;13,43667;13,4367%
BEL;LTINT;TOT;PC_PA;A;1982;13,42833;13,4283%
BEL;LTINT;TOT;PC_PA;A;1983;11,94083;11,9408%
BEL;LTINT;TOT;PC_PA;A;1984;12,24250;12,2425%
BEL;LTINT;TOT;PC_PA;A;1985;10,96833;10,9683%
BEL;LTINT;TOT;PC_PA;A;1986;8,62583;8,6258%
BEL;LTINT;TOT;PC_PA;A;1987;8,18417;8,1842%
BEL;LTINT;TOT;PC_PA;A;1988;8,00750;8,0075%
BEL;LTINT;TOT;PC_PA;A;1989;8,53917;8,5392%
BEL;LTINT;TOT;PC_PA;A;1990;10,00667;10,0067%
BEL;LTINT;TOT;PC_PA;A;1991;9,28583;9,2858%
BEL;LTINT;TOT;PC_PA;A;1992;8,65333;8,6533%
BEL;LTINT;TOT;PC_PA;A;1993;7,22833;7,2283%
BEL;LTINT;TOT;PC_PA;A;1994;7,75083;7,7508%
BEL;LTINT;TOT;PC_PA;A;1995;7,48083;7,4808%
BEL;LTINT;TOT;PC_PA;A;1996;6,49250;6,4925%
BEL;LTINT;TOT;PC_PA;A;1997;5,75333;5,7533%
BEL;LTINT;TOT;PC_PA;A;1998;4,75167;4,7517%
BEL;LTINT;TOT;PC_PA;A;1999;4,74917;4,7492%
BEL;LTINT;TOT;PC_PA;A;2000;5,59250;5,5925%
BEL;LTINT;TOT;PC_PA;A;2001;5,13083;5,1308%
BEL;LTINT;TOT;PC_PA;A;2002;4,98667;4,9867%
BEL;LTINT;TOT;PC_PA;A;2003;4,18083;4,1808%
BEL;LTINT;TOT;PC_PA;A;2004;4,15250;4,1525%
BEL;LTINT;TOT;PC_PA;A;2005;3,42833;3,4283%
BEL;LTINT;TOT;PC_PA;A;2006;3,81500;3,8150%
BEL;LTINT;TOT;PC_PA;A;2007;4,32833;4,3283%
BEL;LTINT;TOT;PC_PA;A;2008;4,41750;4,4175%
BEL;LTINT;TOT;PC_PA;A;2009;3,90167;3,9017%
BEL;LTINT;TOT;PC_PA;A;2010;3,46250;3,4625%
BEL;LTINT;TOT;PC_PA;A;2011;4,23333;4,2333%
BEL;LTINT;TOT;PC_PA;A;2012;3;3,0000%
BEL;LTINT;TOT;PC_PA;A;2013;2,41000;2,4100%
BEL;LTINT;TOT;PC_PA;A;2014;1,71333;1,7133%
BEL;LTINT;TOT;PC_PA;A;2015;0,84000;0,8400%
BEL;LTINT;TOT;PC_PA;A;2016;0,47583;0,4758%
BEL;LTINT;TOT;PC_PA;A;2017;0,72250;0,7225%
BEL;LTINT;TOT;PC_PA;A;2018;0,79500;0,7950%
BEL;LTINT;TOT;PC_PA;A;2019;0,19333;0,1933%
LVA;LTINT;TOT;PC_PA;A;2001;7,57333;7,5733%
LVA;LTINT;TOT;PC_PA;A;2002;5,40833;5,4083%
LVA;LTINT;TOT;PC_PA;A;2003;4,90083;4,9008%
LVA;LTINT;TOT;PC_PA;A;2004;4,85750;4,8575%
LVA;LTINT;TOT;PC_PA;A;2005;3,87500;3,8750%
LVA;LTINT;TOT;PC_PA;A;2006;4,13333;4,1333%
LVA;LTINT;TOT;PC_PA;A;2007;5,28250;5,2825%
LVA;LTINT;TOT;PC_PA;A;2008;6,43167;6,4317%
LVA;LTINT;TOT;PC_PA;A;2009;12,35750;12,3575%
LVA;LTINT;TOT;PC_PA;A;2010;10,33750;10,3375%
LVA;LTINT;TOT;PC_PA;A;2011;5,90750;5,9075%
LVA;LTINT;TOT;PC_PA;A;2012;4,56500;4,5650%
LVA;LTINT;TOT;PC_PA;A;2013;3,34000;3,3400%
LVA;LTINT;TOT;PC_PA;A;2014;2,50833;2,5083%
LVA;LTINT;TOT;PC_PA;A;2015;0,96333;0,9633%
LVA;LTINT;TOT;PC_PA;A;2016;0,53417;0,5342%
LVA;LTINT;TOT;PC_PA;A;2017;0,83417;0,8342%
LVA;LTINT;TOT;PC_PA;A;2018;0,90250;0,9025%
LVA;LTINT;TOT;PC_PA;A;2019;0,34250;0,3425%
LTU;LTINT;TOT;PC_PA;A;2001;8,15333;8,1533%
LTU;LTINT;TOT;PC_PA;A;2002;6,06250;6,0625%
LTU;LTINT;TOT;PC_PA;A;2003;5,32250;5,3225%
LTU;LTINT;TOT;PC_PA;A;2004;4,50250;4,5025%
LTU;LTINT;TOT;PC_PA;A;2005;3,69917;3,6992%
LTU;LTINT;TOT;PC_PA;A;2006;4,08083;4,0808%
LTU;LTINT;TOT;PC_PA;A;2007;4,54583;4,5458%
LTU;LTINT;TOT;PC_PA;A;2008;5,60750;5,6075%
LTU;LTINT;TOT;PC_PA;A;2009;14,00417;14,0042%
LTU;LTINT;TOT;PC_PA;A;2010;5,56667;5,5667%
LTU;LTINT;TOT;PC_PA;A;2011;5,16000;5,1600%
LTU;LTINT;TOT;PC_PA;A;2012;4,83083;4,8308%
LTU;LTINT;TOT;PC_PA;A;2013;3,83167;3,8317%
LTU;LTINT;TOT;PC_PA;A;2014;2,79250;2,7925%
LTU;LTINT;TOT;PC_PA;A;2015;1,38083;1,3808%
LTU;LTINT;TOT;PC_PA;A;2016;0,89833;0,8983%
LTU;LTINT;TOT;PC_PA;A;2017;0,31000;0,3100%
LTU;LTINT;TOT;PC_PA;A;2018;0,31000;0,3100%
LTU;LTINT;TOT;PC_PA;A;2019;0,31000;0,3100%