LOCATION;INDICATOR;SUBJECT;MEASURE;FREQUENCY;TIME;Value;Value;% tax Revenue on GDP
AUS;TAXREV;TOT;PC_GDP;A;1965;20.634;20634;20,634%
AUS;TAXREV;TOT;PC_GDP;A;1966;19.855;19855;19,855%
AUS;TAXREV;TOT;PC_GDP;A;1967;20.434;20434;20,434%
AUS;TAXREV;TOT;PC_GDP;A;1968;20.366;20366;20,366%
AUS;TAXREV;TOT;PC_GDP;A;1969;20.708;20708;20,708%
AUS;TAXREV;TOT;PC_GDP;A;1970;21.099;21099;21,099%
AUS;TAXREV;TOT;PC_GDP;A;1971;21.851;21851;21,851%
AUS;TAXREV;TOT;PC_GDP;A;1972;21.408;21408;21,408%
AUS;TAXREV;TOT;PC_GDP;A;1973;22.498;22498;22,498%
AUS;TAXREV;TOT;PC_GDP;A;1974;24.637;24637;24,637%
AUS;TAXREV;TOT;PC_GDP;A;1975;25.374;25374;25,374%
AUS;TAXREV;TOT;PC_GDP;A;1976;25.554;25554;25,554%
AUS;TAXREV;TOT;PC_GDP;A;1977;25.421;25421;25,421%
AUS;TAXREV;TOT;PC_GDP;A;1978;24.529;24529;24,529%
AUS;TAXREV;TOT;PC_GDP;A;1979;25,15;25,15;25,150%
AUS;TAXREV;TOT;PC_GDP;A;1980;26.211;26211;26,211%
AUS;TAXREV;TOT;PC_GDP;A;1981;26.383;26383;26,383%
AUS;TAXREV;TOT;PC_GDP;A;1982;26.857;26857;26,857%
AUS;TAXREV;TOT;PC_GDP;A;1983;26.109;26109;26,109%
AUS;TAXREV;TOT;PC_GDP;A;1984;27.707;27707;27,707%
AUS;TAXREV;TOT;PC_GDP;A;1985;27.759;27759;27,759%
AUS;TAXREV;TOT;PC_GDP;A;1986;28.536;28536;28,536%
AUS;TAXREV;TOT;PC_GDP;A;1987;28.642;28642;28,642%
AUS;TAXREV;TOT;PC_GDP;A;1988;28.297;28297;28,297%
AUS;TAXREV;TOT;PC_GDP;A;1989;28.014;28014;28,014%
AUS;TAXREV;TOT;PC_GDP;A;1990;28.108;28108;28,108%
AUS;TAXREV;TOT;PC_GDP;A;1991;26.667;26667;26,667%
AUS;TAXREV;TOT;PC_GDP;A;1992;26.134;26134;26,134%
AUS;TAXREV;TOT;PC_GDP;A;1993;26.604;26604;26,604%
AUS;TAXREV;TOT;PC_GDP;A;1994;27.507;27507;27,507%
AUS;TAXREV;TOT;PC_GDP;A;1995;28.285;28285;28,285%
AUS;TAXREV;TOT;PC_GDP;A;1996;28.924;28924;28,924%
AUS;TAXREV;TOT;PC_GDP;A;1997;28.666;28666;28,666%
AUS;TAXREV;TOT;PC_GDP;A;1998;29.432;29432;29,432%
AUS;TAXREV;TOT;PC_GDP;A;1999;29.805;29805;29,805%
AUS;TAXREV;TOT;PC_GDP;A;2000;30.458;30458;30,458%
AUS;TAXREV;TOT;PC_GDP;A;2001;28.927;28927;28,927%
AUS;TAXREV;TOT;PC_GDP;A;2002;29,8;29,8;29,800%
AUS;TAXREV;TOT;PC_GDP;A;2003;29.963;29963;29,963%
AUS;TAXREV;TOT;PC_GDP;A;2004;30.271;30271;30,271%
AUS;TAXREV;TOT;PC_GDP;A;2005;29.975;29975;29,975%
AUS;TAXREV;TOT;PC_GDP;A;2006;29,39;29,39;29,390%
AUS;TAXREV;TOT;PC_GDP;A;2007;29,52;29,52;29,520%
AUS;TAXREV;TOT;PC_GDP;A;2008;26.827;26827;26,827%
AUS;TAXREV;TOT;PC_GDP;A;2009;25.532;25532;25,532%
AUS;TAXREV;TOT;PC_GDP;A;2010;25.268;25268;25,268%
AUS;TAXREV;TOT;PC_GDP;A;2011;25.888;25888;25,888%
AUS;TAXREV;TOT;PC_GDP;A;2012;26.909;26909;26,909%
AUS;TAXREV;TOT;PC_GDP;A;2013;27.109;27109;27,109%
AUS;TAXREV;TOT;PC_GDP;A;2014;27.271;27271;27,271%
AUS;TAXREV;TOT;PC_GDP;A;2015;27.901;27901;27,901%
AUS;TAXREV;TOT;PC_GDP;A;2016;27.618;27618;27,618%
AUS;TAXREV;TOT;PC_GDP;A;2017;28.498;28498;28,498%
AUS;TAXREV;TOT;PC_GDP;A;2018;28.679;28679;28,679%
AUT;TAXREV;TOT;PC_GDP;A;1965;33.509;33509;33,509%
AUT;TAXREV;TOT;PC_GDP;A;1966;34.201;34201;34,201%
AUT;TAXREV;TOT;PC_GDP;A;1967;34.101;34101;34,101%
AUT;TAXREV;TOT;PC_GDP;A;1968;34.149;34149;34,149%
AUT;TAXREV;TOT;PC_GDP;A;1969;34,6;34,6;34,600%
AUT;TAXREV;TOT;PC_GDP;A;1970;33.586;33586;33,586%
AUT;TAXREV;TOT;PC_GDP;A;1971;34,26;34,26;34,260%
AUT;TAXREV;TOT;PC_GDP;A;1972;34.678;34678;34,678%
AUT;TAXREV;TOT;PC_GDP;A;1973;34.849;34849;34,849%
AUT;TAXREV;TOT;PC_GDP;A;1974;35.825;35825;35,825%
AUT;TAXREV;TOT;PC_GDP;A;1975;36.335;36335;36,335%
AUT;TAXREV;TOT;PC_GDP;A;1976;36.205;36205;36,205%
AUT;TAXREV;TOT;PC_GDP;A;1977;36.549;36549;36,549%
AUT;TAXREV;TOT;PC_GDP;A;1978;38,69;38,69;38,690%
AUT;TAXREV;TOT;PC_GDP;A;1979;38.095;38095;38,095%
AUT;TAXREV;TOT;PC_GDP;A;1980;38.573;38573;38,573%
AUT;TAXREV;TOT;PC_GDP;A;1981;39.647;39647;39,647%
AUT;TAXREV;TOT;PC_GDP;A;1982;38.423;38423;38,423%
AUT;TAXREV;TOT;PC_GDP;A;1983;38.114;38114;38,114%
AUT;TAXREV;TOT;PC_GDP;A;1984;39.774;39774;39,774%
AUT;TAXREV;TOT;PC_GDP;A;1985;40.436;40436;40,436%
AUT;TAXREV;TOT;PC_GDP;A;1986;40,34;40,34;40,340%
AUT;TAXREV;TOT;PC_GDP;A;1987;39.959;39959;39,959%
AUT;TAXREV;TOT;PC_GDP;A;1988;39,96;39,96;39,960%
AUT;TAXREV;TOT;PC_GDP;A;1989;38.945;38945;38,945%
AUT;TAXREV;TOT;PC_GDP;A;1990;39.288;39288;39,288%
AUT;TAXREV;TOT;PC_GDP;A;1991;39.748;39748;39,748%
AUT;TAXREV;TOT;PC_GDP;A;1992;41.282;41282;41,282%
AUT;TAXREV;TOT;PC_GDP;A;1993;41.688;41688;41,688%
AUT;TAXREV;TOT;PC_GDP;A;1994;41.701;41701;41,701%
AUT;TAXREV;TOT;PC_GDP;A;1995;41.271;41271;41,271%
AUT;TAXREV;TOT;PC_GDP;A;1996;42.641;42641;42,641%
AUT;TAXREV;TOT;PC_GDP;A;1997;43,44;43,44;43,440%
AUT;TAXREV;TOT;PC_GDP;A;1998;43.447;43447;43,447%
AUT;TAXREV;TOT;PC_GDP;A;1999;43,09;43,09;43,090%
AUT;TAXREV;TOT;PC_GDP;A;2000;42.285;42285;42,285%
AUT;TAXREV;TOT;PC_GDP;A;2001;43.886;43886;43,886%
AUT;TAXREV;TOT;PC_GDP;A;2002;42.697;42697;42,697%
AUT;TAXREV;TOT;PC_GDP;A;2003;42.409;42409;42,409%
AUT;TAXREV;TOT;PC_GDP;A;2004;41.958;41958;41,958%
AUT;TAXREV;TOT;PC_GDP;A;2005;41.012;41012;41,012%
AUT;TAXREV;TOT;PC_GDP;A;2006;40.408;40408;40,408%
AUT;TAXREV;TOT;PC_GDP;A;2007;40.548;40548;40,548%
AUT;TAXREV;TOT;PC_GDP;A;2008;41.391;41391;41,391%
AUT;TAXREV;TOT;PC_GDP;A;2009;40,98;40,98;40,980%
AUT;TAXREV;TOT;PC_GDP;A;2010;40.958;40958;40,958%
AUT;TAXREV;TOT;PC_GDP;A;2011;41.119;41119;41,119%
AUT;TAXREV;TOT;PC_GDP;A;2012;41.767;41767;41,767%
AUT;TAXREV;TOT;PC_GDP;A;2013;42.635;42635;42,635%
AUT;TAXREV;TOT;PC_GDP;A;2014;42.699;42699;42,699%
AUT;TAXREV;TOT;PC_GDP;A;2015;43.126;43126;43,126%
AUT;TAXREV;TOT;PC_GDP;A;2016;41.789;41789;41,789%
AUT;TAXREV;TOT;PC_GDP;A;2017;41.757;41757;41,757%
AUT;TAXREV;TOT;PC_GDP;A;2018;42.212;42212;42,212%
AUT;TAXREV;TOT;PC_GDP;A;2019;42.444;42444;42,444%
BEL;TAXREV;TOT;PC_GDP;A;1965;30.789;30789;30,789%
BEL;TAXREV;TOT;PC_GDP;A;1966;32.899;32899;32,899%
BEL;TAXREV;TOT;PC_GDP;A;1967;33.561;33561;33,561%
BEL;TAXREV;TOT;PC_GDP;A;1968;34.381;34381;34,381%
BEL;TAXREV;TOT;PC_GDP;A;1969;34.558;34558;34,558%
BEL;TAXREV;TOT;PC_GDP;A;1970;33.425;33425;33,425%
BEL;TAXREV;TOT;PC_GDP;A;1971;34.559;34559;34,559%
BEL;TAXREV;TOT;PC_GDP;A;1972;34.407;34407;34,407%
BEL;TAXREV;TOT;PC_GDP;A;1973;35,52;35,52;35,520%
BEL;TAXREV;TOT;PC_GDP;A;1974;36.406;36406;36,406%
BEL;TAXREV;TOT;PC_GDP;A;1975;38.942;38942;38,942%
BEL;TAXREV;TOT;PC_GDP;A;1976;39.142;39142;39,142%
BEL;TAXREV;TOT;PC_GDP;A;1977;41.064;41064;41,064%
BEL;TAXREV;TOT;PC_GDP;A;1978;41.642;41642;41,642%
BEL;TAXREV;TOT;PC_GDP;A;1979;42.397;42397;42,397%
BEL;TAXREV;TOT;PC_GDP;A;1980;40.726;40726;40,726%
BEL;TAXREV;TOT;PC_GDP;A;1981;40,99;40,99;40,990%
BEL;TAXREV;TOT;PC_GDP;A;1982;42.209;42209;42,209%
BEL;TAXREV;TOT;PC_GDP;A;1983;42,91;42,91;42,910%
BEL;TAXREV;TOT;PC_GDP;A;1984;43.627;43627;43,627%
BEL;TAXREV;TOT;PC_GDP;A;1985;43.714;43714;43,714%
BEL;TAXREV;TOT;PC_GDP;A;1986;43.461;43461;43,461%
BEL;TAXREV;TOT;PC_GDP;A;1987;44.093;44093;44,093%
BEL;TAXREV;TOT;PC_GDP;A;1988;42.775;42775;42,775%
BEL;TAXREV;TOT;PC_GDP;A;1989;40.957;40957;40,957%
BEL;TAXREV;TOT;PC_GDP;A;1990;41.393;41393;41,393%
BEL;TAXREV;TOT;PC_GDP;A;1991;41.608;41608;41,608%
BEL;TAXREV;TOT;PC_GDP;A;1992;41,18;41,18;41,180%
BEL;TAXREV;TOT;PC_GDP;A;1993;42.632;42632;42,632%
BEL;TAXREV;TOT;PC_GDP;A;1994;42.913;42913;42,913%
BEL;TAXREV;TOT;PC_GDP;A;1995;42.837;42837;42,837%
BEL;TAXREV;TOT;PC_GDP;A;1996;43.351;43351;43,351%
BEL;TAXREV;TOT;PC_GDP;A;1997;43.812;43812;43,812%
BEL;TAXREV;TOT;PC_GDP;A;1998;44.437;44437;44,437%
BEL;TAXREV;TOT;PC_GDP;A;1999;44.239;44239;44,239%
BEL;TAXREV;TOT;PC_GDP;A;2000;43.849;43849;43,849%
BEL;TAXREV;TOT;PC_GDP;A;2001;43.692;43692;43,692%
BEL;TAXREV;TOT;PC_GDP;A;2002;43.913;43913;43,913%
BEL;TAXREV;TOT;PC_GDP;A;2003;43.344;43344;43,344%
BEL;TAXREV;TOT;PC_GDP;A;2004;43.471;43471;43,471%
BEL;TAXREV;TOT;PC_GDP;A;2005;43.357;43357;43,357%
BEL;TAXREV;TOT;PC_GDP;A;2006;43.218;43218;43,218%
BEL;TAXREV;TOT;PC_GDP;A;2007;42,92;42,92;42,920%
BEL;TAXREV;TOT;PC_GDP;A;2008;43.593;43593;43,593%
BEL;TAXREV;TOT;PC_GDP;A;2009;42.699;42699;42,699%
BEL;TAXREV;TOT;PC_GDP;A;2010;42.882;42882;42,882%
BEL;TAXREV;TOT;PC_GDP;A;2011;43.508;43508;43,508%
BEL;TAXREV;TOT;PC_GDP;A;2012;44.331;44331;44,331%
BEL;TAXREV;TOT;PC_GDP;A;2013;45.036;45036;45,036%
BEL;TAXREV;TOT;PC_GDP;A;2014;44.756;44756;44,756%
BEL;TAXREV;TOT;PC_GDP;A;2015;44.128;44128;44,128%
BEL;TAXREV;TOT;PC_GDP;A;2016;43.322;43322;43,322%
BEL;TAXREV;TOT;PC_GDP;A;2017;43.795;43795;43,795%
BEL;TAXREV;TOT;PC_GDP;A;2018;43.948;43948;43,948%
BEL;TAXREV;TOT;PC_GDP;A;2019;42.916;42916;42,916%
CAN;TAXREV;TOT;PC_GDP;A;1965;24.976;24976;24,976%
CAN;TAXREV;TOT;PC_GDP;A;1966;25.988;25988;25,988%
CAN;TAXREV;TOT;PC_GDP;A;1967;26,97;26,97;26,970%
CAN;TAXREV;TOT;PC_GDP;A;1968;27.753;27753;27,753%
CAN;TAXREV;TOT;PC_GDP;A;1969;29.865;29865;29,865%
CAN;TAXREV;TOT;PC_GDP;A;1970;29.881;29881;29,881%
CAN;TAXREV;TOT;PC_GDP;A;1971;29.417;29417;29,417%
CAN;TAXREV;TOT;PC_GDP;A;1972;29.934;29934;29,934%
CAN;TAXREV;TOT;PC_GDP;A;1973;29,53;29,53;29,530%
CAN;TAXREV;TOT;PC_GDP;A;1974;32.036;32036;32,036%
CAN;TAXREV;TOT;PC_GDP;A;1975;31.136;31136;31,136%
CAN;TAXREV;TOT;PC_GDP;A;1976;30.576;30576;30,576%
CAN;TAXREV;TOT;PC_GDP;A;1977;29.825;29825;29,825%
CAN;TAXREV;TOT;PC_GDP;A;1978;29.555;29555;29,555%
CAN;TAXREV;TOT;PC_GDP;A;1979;29.341;29341;29,341%
CAN;TAXREV;TOT;PC_GDP;A;1980;30.322;30322;30,322%
CAN;TAXREV;TOT;PC_GDP;A;1981;32.511;32511;32,511%
CAN;TAXREV;TOT;PC_GDP;A;1982;32.323;32323;32,323%
CAN;TAXREV;TOT;PC_GDP;A;1983;31.761;31761;31,761%
CAN;TAXREV;TOT;PC_GDP;A;1984;31.709;31709;31,709%
CAN;TAXREV;TOT;PC_GDP;A;1985;31.613;31613;31,613%
CAN;TAXREV;TOT;PC_GDP;A;1986;32.352;32352;32,352%
CAN;TAXREV;TOT;PC_GDP;A;1987;33.313;33313;33,313%
CAN;TAXREV;TOT;PC_GDP;A;1988;33.032;33032;33,032%
CAN;TAXREV;TOT;PC_GDP;A;1989;34.126;34126;34,126%
CAN;TAXREV;TOT;PC_GDP;A;1990;35.072;35072;35,072%
CAN;TAXREV;TOT;PC_GDP;A;1991;35.503;35503;35,503%
CAN;TAXREV;TOT;PC_GDP;A;1992;35.067;35067;35,067%
CAN;TAXREV;TOT;PC_GDP;A;1993;34.444;34444;34,444%
CAN;TAXREV;TOT;PC_GDP;A;1994;34.403;34403;34,403%
CAN;TAXREV;TOT;PC_GDP;A;1995;34.628;34628;34,628%
CAN;TAXREV;TOT;PC_GDP;A;1996;34.941;34941;34,941%
CAN;TAXREV;TOT;PC_GDP;A;1997;35.791;35791;35,791%
CAN;TAXREV;TOT;PC_GDP;A;1998;35.711;35711;35,711%
CAN;TAXREV;TOT;PC_GDP;A;1999;35.487;35487;35,487%
CAN;TAXREV;TOT;PC_GDP;A;2000;34.673;34673;34,673%
CAN;TAXREV;TOT;PC_GDP;A;2001;34.085;34085;34,085%
CAN;TAXREV;TOT;PC_GDP;A;2002;33.081;33081;33,081%
CAN;TAXREV;TOT;PC_GDP;A;2003;32,7;32,7;32,700%
CAN;TAXREV;TOT;PC_GDP;A;2004;32.713;32713;32,713%
CAN;TAXREV;TOT;PC_GDP;A;2005;32.661;32661;32,661%
CAN;TAXREV;TOT;PC_GDP;A;2006;32.725;32725;32,725%
CAN;TAXREV;TOT;PC_GDP;A;2007;32.495;32495;32,495%
CAN;TAXREV;TOT;PC_GDP;A;2008;31.235;31235;31,235%
CAN;TAXREV;TOT;PC_GDP;A;2009;32.346;32346;32,346%
CAN;TAXREV;TOT;PC_GDP;A;2010;31.007;31007;31,007%
CAN;TAXREV;TOT;PC_GDP;A;2011;30.803;30803;30,803%
CAN;TAXREV;TOT;PC_GDP;A;2012;31.177;31177;31,177%
CAN;TAXREV;TOT;PC_GDP;A;2013;31.132;31132;31,132%
CAN;TAXREV;TOT;PC_GDP;A;2014;31.266;31266;31,266%
CAN;TAXREV;TOT;PC_GDP;A;2015;32,82;32,82;32,820%
CAN;TAXREV;TOT;PC_GDP;A;2016;33.258;33258;33,258%
CAN;TAXREV;TOT;PC_GDP;A;2017;33.114;33114;33,114%
CAN;TAXREV;TOT;PC_GDP;A;2018;33.219;33219;33,219%
CAN;TAXREV;TOT;PC_GDP;A;2019;33.455;33455;33,455%
CZE;TAXREV;TOT;PC_GDP;A;1993;36.732;36732;36,732%
CZE;TAXREV;TOT;PC_GDP;A;1994;35.479;35479;35,479%
CZE;TAXREV;TOT;PC_GDP;A;1995;34.497;34497;34,497%
CZE;TAXREV;TOT;PC_GDP;A;1996;33.108;33108;33,108%
CZE;TAXREV;TOT;PC_GDP;A;1997;33.396;33396;33,396%
CZE;TAXREV;TOT;PC_GDP;A;1998;32.298;32298;32,298%
CZE;TAXREV;TOT;PC_GDP;A;1999;33.122;33122;33,122%
CZE;TAXREV;TOT;PC_GDP;A;2000;32.335;32335;32,335%
CZE;TAXREV;TOT;PC_GDP;A;2001;32.405;32405;32,405%
CZE;TAXREV;TOT;PC_GDP;A;2002;33.275;33275;33,275%
CZE;TAXREV;TOT;PC_GDP;A;2003;34.099;34099;34,099%
CZE;TAXREV;TOT;PC_GDP;A;2004;34.495;34495;34,495%
CZE;TAXREV;TOT;PC_GDP;A;2005;34.234;34234;34,234%
CZE;TAXREV;TOT;PC_GDP;A;2006;33.842;33842;33,842%
CZE;TAXREV;TOT;PC_GDP;A;2007;34.102;34102;34,102%
CZE;TAXREV;TOT;PC_GDP;A;2008;33.298;33298;33,298%
CZE;TAXREV;TOT;PC_GDP;A;2009;32.088;32088;32,088%
CZE;TAXREV;TOT;PC_GDP;A;2010;32.229;32229;32,229%
CZE;TAXREV;TOT;PC_GDP;A;2011;33.025;33025;33,025%
CZE;TAXREV;TOT;PC_GDP;A;2012;33.438;33438;33,438%
CZE;TAXREV;TOT;PC_GDP;A;2013;33,71;33,71;33,710%
CZE;TAXREV;TOT;PC_GDP;A;2014;32.851;32851;32,851%
CZE;TAXREV;TOT;PC_GDP;A;2015;33.134;33134;33,134%
CZE;TAXREV;TOT;PC_GDP;A;2016;34.031;34031;34,031%
CZE;TAXREV;TOT;PC_GDP;A;2017;34.438;34438;34,438%
CZE;TAXREV;TOT;PC_GDP;A;2018;34.988;34988;34,988%
CZE;TAXREV;TOT;PC_GDP;A;2019;34.927;34927;34,927%
DNK;TAXREV;TOT;PC_GDP;A;1965;29.125;29125;29,125%
DNK;TAXREV;TOT;PC_GDP;A;1966;29.673;29673;29,673%
DNK;TAXREV;TOT;PC_GDP;A;1967;30.156;30156;30,156%
DNK;TAXREV;TOT;PC_GDP;A;1968;32.897;32897;32,897%
DNK;TAXREV;TOT;PC_GDP;A;1969;32.506;32506;32,506%
DNK;TAXREV;TOT;PC_GDP;A;1970;36.866;36866;36,866%
DNK;TAXREV;TOT;PC_GDP;A;1971;39.443;39443;39,443%
DNK;TAXREV;TOT;PC_GDP;A;1972;39.057;39057;39,057%
DNK;TAXREV;TOT;PC_GDP;A;1973;38.517;38517;38,517%
DNK;TAXREV;TOT;PC_GDP;A;1974;40.364;40364;40,364%
DNK;TAXREV;TOT;PC_GDP;A;1975;36.785;36785;36,785%
DNK;TAXREV;TOT;PC_GDP;A;1976;37.774;37774;37,774%
DNK;TAXREV;TOT;PC_GDP;A;1977;38.223;38223;38,223%
DNK;TAXREV;TOT;PC_GDP;A;1978;39.399;39399;39,399%
DNK;TAXREV;TOT;PC_GDP;A;1979;40.446;40446;40,446%
DNK;TAXREV;TOT;PC_GDP;A;1980;41.157;41157;41,157%
DNK;TAXREV;TOT;PC_GDP;A;1981;40.697;40697;40,697%
DNK;TAXREV;TOT;PC_GDP;A;1982;39.524;39524;39,524%
DNK;TAXREV;TOT;PC_GDP;A;1983;41.158;41158;41,158%
DNK;TAXREV;TOT;PC_GDP;A;1984;42.295;42295;42,295%
DNK;TAXREV;TOT;PC_GDP;A;1985;43.586;43586;43,586%
DNK;TAXREV;TOT;PC_GDP;A;1986;45.807;45807;45,807%
DNK;TAXREV;TOT;PC_GDP;A;1987;46.451;46451;46,451%
DNK;TAXREV;TOT;PC_GDP;A;1988;46.925;46925;46,925%
DNK;TAXREV;TOT;PC_GDP;A;1989;45.745;45745;45,745%
DNK;TAXREV;TOT;PC_GDP;A;1990;44.397;44397;44,397%
DNK;TAXREV;TOT;PC_GDP;A;1991;43.777;43777;43,777%
DNK;TAXREV;TOT;PC_GDP;A;1992;44.136;44136;44,136%
DNK;TAXREV;TOT;PC_GDP;A;1993;45.462;45462;45,462%
DNK;TAXREV;TOT;PC_GDP;A;1994;46.529;46529;46,529%
DNK;TAXREV;TOT;PC_GDP;A;1995;46.499;46499;46,499%
DNK;TAXREV;TOT;PC_GDP;A;1996;46.713;46713;46,713%
DNK;TAXREV;TOT;PC_GDP;A;1997;46.727;46727;46,727%
DNK;TAXREV;TOT;PC_GDP;A;1998;47.298;47298;47,298%
DNK;TAXREV;TOT;PC_GDP;A;1999;47.875;47875;47,875%
DNK;TAXREV;TOT;PC_GDP;A;2000;46.875;46875;46,875%
DNK;TAXREV;TOT;PC_GDP;A;2001;45.919;45919;45,919%
DNK;TAXREV;TOT;PC_GDP;A;2002;45.405;45405;45,405%
DNK;TAXREV;TOT;PC_GDP;A;2003;45.583;45583;45,583%
DNK;TAXREV;TOT;PC_GDP;A;2004;46.393;46393;46,393%
DNK;TAXREV;TOT;PC_GDP;A;2005;48.005;48005;48,005%
DNK;TAXREV;TOT;PC_GDP;A;2006;46.462;46462;46,462%
DNK;TAXREV;TOT;PC_GDP;A;2007;46.425;46425;46,425%
DNK;TAXREV;TOT;PC_GDP;A;2008;44.765;44765;44,765%
DNK;TAXREV;TOT;PC_GDP;A;2009;44.963;44963;44,963%
DNK;TAXREV;TOT;PC_GDP;A;2010;44.756;44756;44,756%
DNK;TAXREV;TOT;PC_GDP;A;2011;44.793;44793;44,793%
DNK;TAXREV;TOT;PC_GDP;A;2012;45.512;45512;45,512%
DNK;TAXREV;TOT;PC_GDP;A;2013;45.888;45888;45,888%
DNK;TAXREV;TOT;PC_GDP;A;2014;48.531;48531;48,531%
DNK;TAXREV;TOT;PC_GDP;A;2015;46.057;46057;46,057%
DNK;TAXREV;TOT;PC_GDP;A;2016;45.494;45494;45,494%
DNK;TAXREV;TOT;PC_GDP;A;2017;45.849;45849;45,849%
DNK;TAXREV;TOT;PC_GDP;A;2018;44.354;44354;44,354%
DNK;TAXREV;TOT;PC_GDP;A;2019;46.337;46337;46,337%
FIN;TAXREV;TOT;PC_GDP;A;1965;30.039;30039;30,039%
FIN;TAXREV;TOT;PC_GDP;A;1966;31.182;31182;31,182%
FIN;TAXREV;TOT;PC_GDP;A;1967;32.046;32046;32,046%
FIN;TAXREV;TOT;PC_GDP;A;1968;32.446;32446;32,446%
FIN;TAXREV;TOT;PC_GDP;A;1969;31.011;31011;31,011%
FIN;TAXREV;TOT;PC_GDP;A;1970;31.183;31183;31,183%
FIN;TAXREV;TOT;PC_GDP;A;1971;32.776;32776;32,776%
FIN;TAXREV;TOT;PC_GDP;A;1972;33.248;33248;33,248%
FIN;TAXREV;TOT;PC_GDP;A;1973;34.061;34061;34,061%
FIN;TAXREV;TOT;PC_GDP;A;1974;33.326;33326;33,326%
FIN;TAXREV;TOT;PC_GDP;A;1975;36.139;36139;36,139%
FIN;TAXREV;TOT;PC_GDP;A;1976;39.628;39628;39,628%
FIN;TAXREV;TOT;PC_GDP;A;1977;39.831;39831;39,831%
FIN;TAXREV;TOT;PC_GDP;A;1978;36.505;36505;36,505%
FIN;TAXREV;TOT;PC_GDP;A;1979;35,13;35,13;35,130%
FIN;TAXREV;TOT;PC_GDP;A;1980;35.341;35341;35,341%
FIN;TAXREV;TOT;PC_GDP;A;1981;37.294;37294;37,294%
FIN;TAXREV;TOT;PC_GDP;A;1982;36.444;36444;36,444%
FIN;TAXREV;TOT;PC_GDP;A;1983;36.094;36094;36,094%
FIN;TAXREV;TOT;PC_GDP;A;1984;37.579;37579;37,579%
FIN;TAXREV;TOT;PC_GDP;A;1985;39.167;39167;39,167%
FIN;TAXREV;TOT;PC_GDP;A;1986;40,29;40,29;40,290%
FIN;TAXREV;TOT;PC_GDP;A;1987;38.767;38767;38,767%
FIN;TAXREV;TOT;PC_GDP;A;1988;41.968;41968;41,968%
FIN;TAXREV;TOT;PC_GDP;A;1989;41.558;41558;41,558%
FIN;TAXREV;TOT;PC_GDP;A;1990;42.934;42934;42,934%
FIN;TAXREV;TOT;PC_GDP;A;1991;44,48;44,48;44,480%
FIN;TAXREV;TOT;PC_GDP;A;1992;44;44;44,000%
FIN;TAXREV;TOT;PC_GDP;A;1993;43.497;43497;43,497%
FIN;TAXREV;TOT;PC_GDP;A;1994;45.518;45518;45,518%
FIN;TAXREV;TOT;PC_GDP;A;1995;44,5;44,5;44,500%
FIN;TAXREV;TOT;PC_GDP;A;1996;45,69;45,69;45,690%
FIN;TAXREV;TOT;PC_GDP;A;1997;44.938;44938;44,938%
FIN;TAXREV;TOT;PC_GDP;A;1998;44.792;44792;44,792%
FIN;TAXREV;TOT;PC_GDP;A;1999;44.262;44262;44,262%
FIN;TAXREV;TOT;PC_GDP;A;2000;45.759;45759;45,759%
FIN;TAXREV;TOT;PC_GDP;A;2001;43.115;43115;43,115%
FIN;TAXREV;TOT;PC_GDP;A;2002;43.275;43275;43,275%
FIN;TAXREV;TOT;PC_GDP;A;2003;42.338;42338;42,338%
FIN;TAXREV;TOT;PC_GDP;A;2004;41.748;41748;41,748%
FIN;TAXREV;TOT;PC_GDP;A;2005;42.037;42037;42,037%
FIN;TAXREV;TOT;PC_GDP;A;2006;42.085;42085;42,085%
FIN;TAXREV;TOT;PC_GDP;A;2007;41,4;41,4;41,400%
FIN;TAXREV;TOT;PC_GDP;A;2008;41,09;41,09;41,090%
FIN;TAXREV;TOT;PC_GDP;A;2009;40.773;40773;40,773%
FIN;TAXREV;TOT;PC_GDP;A;2010;40.562;40562;40,562%
FIN;TAXREV;TOT;PC_GDP;A;2011;41.794;41794;41,794%
FIN;TAXREV;TOT;PC_GDP;A;2012;42.415;42415;42,415%
FIN;TAXREV;TOT;PC_GDP;A;2013;43.406;43406;43,406%
FIN;TAXREV;TOT;PC_GDP;A;2014;43.513;43513;43,513%
FIN;TAXREV;TOT;PC_GDP;A;2015;43.524;43524;43,524%
FIN;TAXREV;TOT;PC_GDP;A;2016;43.727;43727;43,727%
FIN;TAXREV;TOT;PC_GDP;A;2017;42.926;42926;42,926%
FIN;TAXREV;TOT;PC_GDP;A;2018;42.379;42379;42,379%
FIN;TAXREV;TOT;PC_GDP;A;2019;42.189;42189;42,189%
FRA;TAXREV;TOT;PC_GDP;A;1965;33.729;33729;33,729%
FRA;TAXREV;TOT;PC_GDP;A;1966;33.493;33493;33,493%
FRA;TAXREV;TOT;PC_GDP;A;1967;33.828;33828;33,828%
FRA;TAXREV;TOT;PC_GDP;A;1968;33.929;33929;33,929%
FRA;TAXREV;TOT;PC_GDP;A;1969;34.543;34543;34,543%
FRA;TAXREV;TOT;PC_GDP;A;1970;33.749;33749;33,749%
FRA;TAXREV;TOT;PC_GDP;A;1971;33.178;33178;33,178%
FRA;TAXREV;TOT;PC_GDP;A;1972;33.607;33607;33,607%
FRA;TAXREV;TOT;PC_GDP;A;1973;33.583;33583;33,583%
FRA;TAXREV;TOT;PC_GDP;A;1974;33.678;33678;33,678%
FRA;TAXREV;TOT;PC_GDP;A;1975;35.009;35009;35,009%
FRA;TAXREV;TOT;PC_GDP;A;1976;36.838;36838;36,838%
FRA;TAXREV;TOT;PC_GDP;A;1977;36.841;36841;36,841%
FRA;TAXREV;TOT;PC_GDP;A;1978;36.798;36798;36,798%
FRA;TAXREV;TOT;PC_GDP;A;1979;38.209;38209;38,209%
FRA;TAXREV;TOT;PC_GDP;A;1980;39.528;39528;39,528%
FRA;TAXREV;TOT;PC_GDP;A;1981;39.633;39633;39,633%
FRA;TAXREV;TOT;PC_GDP;A;1982;40,4;40,4;40,400%
FRA;TAXREV;TOT;PC_GDP;A;1983;40.894;40894;40,894%
FRA;TAXREV;TOT;PC_GDP;A;1984;41.921;41921;41,921%
FRA;TAXREV;TOT;PC_GDP;A;1985;42.042;42042;42,042%
FRA;TAXREV;TOT;PC_GDP;A;1986;41.711;41711;41,711%
FRA;TAXREV;TOT;PC_GDP;A;1987;42.254;42254;42,254%
FRA;TAXREV;TOT;PC_GDP;A;1988;41,43;41,43;41,430%
FRA;TAXREV;TOT;PC_GDP;A;1989;41.157;41157;41,157%
FRA;TAXREV;TOT;PC_GDP;A;1990;41.173;41173;41,173%
FRA;TAXREV;TOT;PC_GDP;A;1991;41.552;41552;41,552%
FRA;TAXREV;TOT;PC_GDP;A;1992;41.575;41575;41,575%
FRA;TAXREV;TOT;PC_GDP;A;1993;42.744;42744;42,744%
FRA;TAXREV;TOT;PC_GDP;A;1994;42,82;42,82;42,820%
FRA;TAXREV;TOT;PC_GDP;A;1995;42.452;42452;42,452%
FRA;TAXREV;TOT;PC_GDP;A;1996;43.559;43559;43,559%
FRA;TAXREV;TOT;PC_GDP;A;1997;43.776;43776;43,776%
FRA;TAXREV;TOT;PC_GDP;A;1998;43.537;43537;43,537%
FRA;TAXREV;TOT;PC_GDP;A;1999;44.248;44248;44,248%
FRA;TAXREV;TOT;PC_GDP;A;2000;43,43;43,43;43,430%
FRA;TAXREV;TOT;PC_GDP;A;2001;43.101;43101;43,101%
FRA;TAXREV;TOT;PC_GDP;A;2002;42.404;42404;42,404%
FRA;TAXREV;TOT;PC_GDP;A;2003;42.239;42239;42,239%
FRA;TAXREV;TOT;PC_GDP;A;2004;42.413;42413;42,413%
FRA;TAXREV;TOT;PC_GDP;A;2005;42.904;42904;42,904%
FRA;TAXREV;TOT;PC_GDP;A;2006;43.273;43273;43,273%
FRA;TAXREV;TOT;PC_GDP;A;2007;42.545;42545;42,545%
FRA;TAXREV;TOT;PC_GDP;A;2008;42.332;42332;42,332%
FRA;TAXREV;TOT;PC_GDP;A;2009;41.528;41528;41,528%
FRA;TAXREV;TOT;PC_GDP;A;2010;42.145;42145;42,145%
FRA;TAXREV;TOT;PC_GDP;A;2011;43.334;43334;43,334%
FRA;TAXREV;TOT;PC_GDP;A;2012;44,36;44,36;44,360%
FRA;TAXREV;TOT;PC_GDP;A;2013;45.367;45367;45,367%
FRA;TAXREV;TOT;PC_GDP;A;2014;45.449;45449;45,449%
FRA;TAXREV;TOT;PC_GDP;A;2015;45.281;45281;45,281%
FRA;TAXREV;TOT;PC_GDP;A;2016;45.374;45374;45,374%
FRA;TAXREV;TOT;PC_GDP;A;2017;46.068;46068;46,068%
FRA;TAXREV;TOT;PC_GDP;A;2018;45.926;45926;45,926%
FRA;TAXREV;TOT;PC_GDP;A;2019;45.401;45401;45,401%
DEU;TAXREV;TOT;PC_GDP;A;1965;31.673;31673;31,673%
DEU;TAXREV;TOT;PC_GDP;A;1966;32.259;32259;32,259%
DEU;TAXREV;TOT;PC_GDP;A;1967;32.281;32281;32,281%
DEU;TAXREV;TOT;PC_GDP;A;1968;32.233;32233;32,233%
DEU;TAXREV;TOT;PC_GDP;A;1969;33.935;33935;33,935%
DEU;TAXREV;TOT;PC_GDP;A;1970;31.576;31576;31,576%
DEU;TAXREV;TOT;PC_GDP;A;1971;32,07;32,07;32,070%
DEU;TAXREV;TOT;PC_GDP;A;1972;33.561;33561;33,561%
DEU;TAXREV;TOT;PC_GDP;A;1973;35,04;35,04;35,040%
DEU;TAXREV;TOT;PC_GDP;A;1974;34.896;34896;34,896%
DEU;TAXREV;TOT;PC_GDP;A;1975;34.331;34331;34,331%
DEU;TAXREV;TOT;PC_GDP;A;1976;35.303;35303;35,303%
DEU;TAXREV;TOT;PC_GDP;A;1977;36.675;36675;36,675%
DEU;TAXREV;TOT;PC_GDP;A;1978;36.679;36679;36,679%
DEU;TAXREV;TOT;PC_GDP;A;1979;36.394;36394;36,394%
DEU;TAXREV;TOT;PC_GDP;A;1980;36.445;36445;36,445%
DEU;TAXREV;TOT;PC_GDP;A;1981;35.871;35871;35,871%
DEU;TAXREV;TOT;PC_GDP;A;1982;35.554;35554;35,554%
DEU;TAXREV;TOT;PC_GDP;A;1983;35.577;35577;35,577%
DEU;TAXREV;TOT;PC_GDP;A;1984;35.725;35725;35,725%
DEU;TAXREV;TOT;PC_GDP;A;1985;36.095;36095;36,095%
DEU;TAXREV;TOT;PC_GDP;A;1986;35.835;35835;35,835%
DEU;TAXREV;TOT;PC_GDP;A;1987;36.296;36296;36,296%
DEU;TAXREV;TOT;PC_GDP;A;1988;35.956;35956;35,956%
DEU;TAXREV;TOT;PC_GDP;A;1989;36.233;36233;36,233%
DEU;TAXREV;TOT;PC_GDP;A;1990;34.803;34803;34,803%
DEU;TAXREV;TOT;PC_GDP;A;1991;34.874;34874;34,874%
DEU;TAXREV;TOT;PC_GDP;A;1992;35.758;35758;35,758%
DEU;TAXREV;TOT;PC_GDP;A;1993;35.781;35781;35,781%
DEU;TAXREV;TOT;PC_GDP;A;1994;36.186;36186;36,186%
DEU;TAXREV;TOT;PC_GDP;A;1995;36.312;36312;36,312%
DEU;TAXREV;TOT;PC_GDP;A;1996;35.666;35666;35,666%
DEU;TAXREV;TOT;PC_GDP;A;1997;35,35;35,35;35,350%
DEU;TAXREV;TOT;PC_GDP;A;1998;35.539;35539;35,539%
DEU;TAXREV;TOT;PC_GDP;A;1999;36.253;36253;36,253%
DEU;TAXREV;TOT;PC_GDP;A;2000;36.369;36369;36,369%
DEU;TAXREV;TOT;PC_GDP;A;2001;35.127;35127;35,127%
DEU;TAXREV;TOT;PC_GDP;A;2002;34.559;34559;34,559%
DEU;TAXREV;TOT;PC_GDP;A;2003;34.745;34745;34,745%
DEU;TAXREV;TOT;PC_GDP;A;2004;34.329;34329;34,329%
DEU;TAXREV;TOT;PC_GDP;A;2005;34.419;34419;34,419%
DEU;TAXREV;TOT;PC_GDP;A;2006;34.938;34938;34,938%
DEU;TAXREV;TOT;PC_GDP;A;2007;35.375;35375;35,375%
DEU;TAXREV;TOT;PC_GDP;A;2008;35.844;35844;35,844%
DEU;TAXREV;TOT;PC_GDP;A;2009;36.682;36682;36,682%
DEU;TAXREV;TOT;PC_GDP;A;2010;35.531;35531;35,531%
DEU;TAXREV;TOT;PC_GDP;A;2011;36.085;36085;36,085%
DEU;TAXREV;TOT;PC_GDP;A;2012;36.816;36816;36,816%
DEU;TAXREV;TOT;PC_GDP;A;2013;36.954;36954;36,954%
DEU;TAXREV;TOT;PC_GDP;A;2014;36.812;36812;36,812%
DEU;TAXREV;TOT;PC_GDP;A;2015;37.263;37263;37,263%
DEU;TAXREV;TOT;PC_GDP;A;2016;37.722;37722;37,722%
DEU;TAXREV;TOT;PC_GDP;A;2017;37.793;37793;37,793%
DEU;TAXREV;TOT;PC_GDP;A;2018;38.544;38544;38,544%
DEU;TAXREV;TOT;PC_GDP;A;2019;38.812;38812;38,812%
GRC;TAXREV;TOT;PC_GDP;A;1965;17.133;17133;17,133%
GRC;TAXREV;TOT;PC_GDP;A;1966;18.363;18363;18,363%
GRC;TAXREV;TOT;PC_GDP;A;1967;19.249;19249;19,249%
GRC;TAXREV;TOT;PC_GDP;A;1968;19.937;19937;19,937%
GRC;TAXREV;TOT;PC_GDP;A;1969;19.689;19689;19,689%
GRC;TAXREV;TOT;PC_GDP;A;1970;19.219;19219;19,219%
GRC;TAXREV;TOT;PC_GDP;A;1971;19.038;19038;19,038%
GRC;TAXREV;TOT;PC_GDP;A;1972;18.924;18924;18,924%
GRC;TAXREV;TOT;PC_GDP;A;1973;17.406;17406;17,406%
GRC;TAXREV;TOT;PC_GDP;A;1974;18.254;18254;18,254%
GRC;TAXREV;TOT;PC_GDP;A;1975;18.705;18705;18,705%
GRC;TAXREV;TOT;PC_GDP;A;1976;20.325;20325;20,325%
GRC;TAXREV;TOT;PC_GDP;A;1977;20.622;20622;20,622%
GRC;TAXREV;TOT;PC_GDP;A;1978;20.579;20579;20,579%
GRC;TAXREV;TOT;PC_GDP;A;1979;21.331;21331;21,331%
GRC;TAXREV;TOT;PC_GDP;A;1980;20,75;20,75;20,750%
GRC;TAXREV;TOT;PC_GDP;A;1981;20.908;20908;20,908%
GRC;TAXREV;TOT;PC_GDP;A;1982;23.598;23598;23,598%
GRC;TAXREV;TOT;PC_GDP;A;1983;23.996;23996;23,996%
GRC;TAXREV;TOT;PC_GDP;A;1984;24.548;24548;24,548%
GRC;TAXREV;TOT;PC_GDP;A;1985;24.557;24557;24,557%
GRC;TAXREV;TOT;PC_GDP;A;1986;25.779;25779;25,779%
GRC;TAXREV;TOT;PC_GDP;A;1987;26.236;26236;26,236%
GRC;TAXREV;TOT;PC_GDP;A;1988;23.672;23672;23,672%
GRC;TAXREV;TOT;PC_GDP;A;1989;22.943;22943;22,943%
GRC;TAXREV;TOT;PC_GDP;A;1990;25.191;25191;25,191%
GRC;TAXREV;TOT;PC_GDP;A;1991;25.292;25292;25,292%
GRC;TAXREV;TOT;PC_GDP;A;1992;26.123;26123;26,123%
GRC;TAXREV;TOT;PC_GDP;A;1993;26,57;26,57;26,570%
GRC;TAXREV;TOT;PC_GDP;A;1994;26.834;26834;26,834%
GRC;TAXREV;TOT;PC_GDP;A;1995;28.313;28313;28,313%
GRC;TAXREV;TOT;PC_GDP;A;1996;28.455;28455;28,455%
GRC;TAXREV;TOT;PC_GDP;A;1997;29.561;29561;29,561%
GRC;TAXREV;TOT;PC_GDP;A;1998;30.755;30755;30,755%
GRC;TAXREV;TOT;PC_GDP;A;1999;31.817;31817;31,817%
GRC;TAXREV;TOT;PC_GDP;A;2000;33.424;33424;33,424%
GRC;TAXREV;TOT;PC_GDP;A;2001;31.937;31937;31,937%
GRC;TAXREV;TOT;PC_GDP;A;2002;33.147;33147;33,147%
GRC;TAXREV;TOT;PC_GDP;A;2003;31.493;31493;31,493%
GRC;TAXREV;TOT;PC_GDP;A;2004;30.466;30466;30,466%
GRC;TAXREV;TOT;PC_GDP;A;2005;31.874;31874;31,874%
GRC;TAXREV;TOT;PC_GDP;A;2006;31,05;31,05;31,050%
GRC;TAXREV;TOT;PC_GDP;A;2007;31.797;31797;31,797%
GRC;TAXREV;TOT;PC_GDP;A;2008;31.803;31803;31,803%
GRC;TAXREV;TOT;PC_GDP;A;2009;30.752;30752;30,752%
GRC;TAXREV;TOT;PC_GDP;A;2010;32.037;32037;32,037%
GRC;TAXREV;TOT;PC_GDP;A;2011;33.642;33642;33,642%
GRC;TAXREV;TOT;PC_GDP;A;2012;35.808;35808;35,808%
GRC;TAXREV;TOT;PC_GDP;A;2013;35.737;35737;35,737%
GRC;TAXREV;TOT;PC_GDP;A;2014;36.004;36004;36,004%
GRC;TAXREV;TOT;PC_GDP;A;2015;36.393;36393;36,393%
GRC;TAXREV;TOT;PC_GDP;A;2016;38.361;38361;38,361%
GRC;TAXREV;TOT;PC_GDP;A;2017;38.622;38622;38,622%
GRC;TAXREV;TOT;PC_GDP;A;2018;38.919;38919;38,919%
GRC;TAXREV;TOT;PC_GDP;A;2019;38.707;38707;38,707%
HUN;TAXREV;TOT;PC_GDP;A;1991;44.622;44622;44,622%
HUN;TAXREV;TOT;PC_GDP;A;1992;44.354;44354;44,354%
HUN;TAXREV;TOT;PC_GDP;A;1993;45.197;45197;45,197%
HUN;TAXREV;TOT;PC_GDP;A;1994;42.735;42735;42,735%
HUN;TAXREV;TOT;PC_GDP;A;1995;40,77;40,77;40,770%
HUN;TAXREV;TOT;PC_GDP;A;1996;39.421;39421;39,421%
HUN;TAXREV;TOT;PC_GDP;A;1997;37.743;37743;37,743%
HUN;TAXREV;TOT;PC_GDP;A;1998;37.499;37499;37,499%
HUN;TAXREV;TOT;PC_GDP;A;1999;38.279;38279;38,279%
HUN;TAXREV;TOT;PC_GDP;A;2000;38.584;38584;38,584%
HUN;TAXREV;TOT;PC_GDP;A;2001;37.657;37657;37,657%
HUN;TAXREV;TOT;PC_GDP;A;2002;37.423;37423;37,423%
HUN;TAXREV;TOT;PC_GDP;A;2003;37.261;37261;37,261%
HUN;TAXREV;TOT;PC_GDP;A;2004;37.058;37058;37,058%
HUN;TAXREV;TOT;PC_GDP;A;2005;36.556;36556;36,556%
HUN;TAXREV;TOT;PC_GDP;A;2006;36.447;36447;36,447%
HUN;TAXREV;TOT;PC_GDP;A;2007;39.356;39356;39,356%
HUN;TAXREV;TOT;PC_GDP;A;2008;39.423;39423;39,423%
HUN;TAXREV;TOT;PC_GDP;A;2009;38.901;38901;38,901%
HUN;TAXREV;TOT;PC_GDP;A;2010;37.194;37194;37,194%
HUN;TAXREV;TOT;PC_GDP;A;2011;36.643;36643;36,643%
HUN;TAXREV;TOT;PC_GDP;A;2012;39.163;39163;39,163%
HUN;TAXREV;TOT;PC_GDP;A;2013;38.586;38586;38,586%
HUN;TAXREV;TOT;PC_GDP;A;2014;38.552;38552;38,552%
HUN;TAXREV;TOT;PC_GDP;A;2015;38.901;38901;38,901%
HUN;TAXREV;TOT;PC_GDP;A;2016;39.414;39414;39,414%
HUN;TAXREV;TOT;PC_GDP;A;2017;38.283;38283;38,283%
HUN;TAXREV;TOT;PC_GDP;A;2018;37,45;37,45;37,450%
HUN;TAXREV;TOT;PC_GDP;A;2019;35.771;35771;35,771%
ISL;TAXREV;TOT;PC_GDP;A;1965;25.691;25691;25,691%
ISL;TAXREV;TOT;PC_GDP;A;1970;26,92;26,92;26,920%
ISL;TAXREV;TOT;PC_GDP;A;1975;29.468;29468;29,468%
ISL;TAXREV;TOT;PC_GDP;A;1980;29.119;29119;29,119%
ISL;TAXREV;TOT;PC_GDP;A;1981;30.235;30235;30,235%
ISL;TAXREV;TOT;PC_GDP;A;1982;30.512;30512;30,512%
ISL;TAXREV;TOT;PC_GDP;A;1983;27.885;27885;27,885%
ISL;TAXREV;TOT;PC_GDP;A;1984;29.104;29104;29,104%
ISL;TAXREV;TOT;PC_GDP;A;1985;27.711;27711;27,711%
ISL;TAXREV;TOT;PC_GDP;A;1986;27.916;27916;27,916%
ISL;TAXREV;TOT;PC_GDP;A;1987;28.245;28245;28,245%
ISL;TAXREV;TOT;PC_GDP;A;1988;30.776;30776;30,776%
ISL;TAXREV;TOT;PC_GDP;A;1989;30.886;30886;30,886%
ISL;TAXREV;TOT;PC_GDP;A;1990;30.438;30438;30,438%
ISL;TAXREV;TOT;PC_GDP;A;1991;30.792;30792;30,792%
ISL;TAXREV;TOT;PC_GDP;A;1992;31.618;31618;31,618%
ISL;TAXREV;TOT;PC_GDP;A;1993;30.554;30554;30,554%
ISL;TAXREV;TOT;PC_GDP;A;1994;30.102;30102;30,102%
ISL;TAXREV;TOT;PC_GDP;A;1995;30.678;30678;30,678%
ISL;TAXREV;TOT;PC_GDP;A;1996;31.834;31834;31,834%
ISL;TAXREV;TOT;PC_GDP;A;1997;31.541;31541;31,541%
ISL;TAXREV;TOT;PC_GDP;A;1998;33.664;33664;33,664%
ISL;TAXREV;TOT;PC_GDP;A;1999;35.961;35961;35,961%
ISL;TAXREV;TOT;PC_GDP;A;2000;35.963;35963;35,963%
ISL;TAXREV;TOT;PC_GDP;A;2001;34.184;34184;34,184%
ISL;TAXREV;TOT;PC_GDP;A;2002;33.854;33854;33,854%
ISL;TAXREV;TOT;PC_GDP;A;2003;35.312;35312;35,312%
ISL;TAXREV;TOT;PC_GDP;A;2004;36.301;36301;36,301%
ISL;TAXREV;TOT;PC_GDP;A;2005;39.412;39412;39,412%
ISL;TAXREV;TOT;PC_GDP;A;2006;40.125;40125;40,125%
ISL;TAXREV;TOT;PC_GDP;A;2007;38.585;38585;38,585%
ISL;TAXREV;TOT;PC_GDP;A;2008;34.519;34519;34,519%
ISL;TAXREV;TOT;PC_GDP;A;2009;31.179;31179;31,179%
ISL;TAXREV;TOT;PC_GDP;A;2010;32.299;32299;32,299%
ISL;TAXREV;TOT;PC_GDP;A;2011;33.335;33335;33,335%
ISL;TAXREV;TOT;PC_GDP;A;2012;34.014;34014;34,014%
ISL;TAXREV;TOT;PC_GDP;A;2013;34.515;34515;34,515%
ISL;TAXREV;TOT;PC_GDP;A;2014;37,34;37,34;37,340%
ISL;TAXREV;TOT;PC_GDP;A;2015;35.398;35398;35,398%
ISL;TAXREV;TOT;PC_GDP;A;2016;50.809;50809;50,809%
ISL;TAXREV;TOT;PC_GDP;A;2017;37.564;37564;37,564%
ISL;TAXREV;TOT;PC_GDP;A;2018;37.225;37225;37,225%
ISL;TAXREV;TOT;PC_GDP;A;2019;36.075;36075;36,075%
IRL;TAXREV;TOT;PC_GDP;A;1965;24.512;24512;24,512%
IRL;TAXREV;TOT;PC_GDP;A;1966;26.477;26477;26,477%
IRL;TAXREV;TOT;PC_GDP;A;1967;27.009;27009;27,009%
IRL;TAXREV;TOT;PC_GDP;A;1968;27.427;27427;27,427%
IRL;TAXREV;TOT;PC_GDP;A;1969;28.075;28075;28,075%
IRL;TAXREV;TOT;PC_GDP;A;1970;27,57;27,57;27,570%
IRL;TAXREV;TOT;PC_GDP;A;1971;28,57;28,57;28,570%
IRL;TAXREV;TOT;PC_GDP;A;1972;27.377;27377;27,377%
IRL;TAXREV;TOT;PC_GDP;A;1973;27.543;27543;27,543%
IRL;TAXREV;TOT;PC_GDP;A;1974;27.956;27956;27,956%
IRL;TAXREV;TOT;PC_GDP;A;1975;27.863;27863;27,863%
IRL;TAXREV;TOT;PC_GDP;A;1976;30.887;30887;30,887%
IRL;TAXREV;TOT;PC_GDP;A;1977;29.417;29417;29,417%
IRL;TAXREV;TOT;PC_GDP;A;1978;27.859;27859;27,859%
IRL;TAXREV;TOT;PC_GDP;A;1979;27.522;27522;27,522%
IRL;TAXREV;TOT;PC_GDP;A;1980;30.075;30075;30,075%
IRL;TAXREV;TOT;PC_GDP;A;1981;31.123;31123;31,123%
IRL;TAXREV;TOT;PC_GDP;A;1982;32.479;32479;32,479%
IRL;TAXREV;TOT;PC_GDP;A;1983;33.863;33863;33,863%
IRL;TAXREV;TOT;PC_GDP;A;1984;34.619;34619;34,619%
IRL;TAXREV;TOT;PC_GDP;A;1985;33,58;33,58;33,580%
IRL;TAXREV;TOT;PC_GDP;A;1986;34.315;34315;34,315%
IRL;TAXREV;TOT;PC_GDP;A;1987;34.488;34488;34,488%
IRL;TAXREV;TOT;PC_GDP;A;1988;35.646;35646;35,646%
IRL;TAXREV;TOT;PC_GDP;A;1989;32.476;32476;32,476%
IRL;TAXREV;TOT;PC_GDP;A;1990;32,35;32,35;32,350%
IRL;TAXREV;TOT;PC_GDP;A;1991;32.917;32917;32,917%
IRL;TAXREV;TOT;PC_GDP;A;1992;33.257;33257;33,257%
IRL;TAXREV;TOT;PC_GDP;A;1993;33.256;33256;33,256%
IRL;TAXREV;TOT;PC_GDP;A;1994;34.325;34325;34,325%
IRL;TAXREV;TOT;PC_GDP;A;1995;31.734;31734;31,734%
IRL;TAXREV;TOT;PC_GDP;A;1996;32.273;32273;32,273%
IRL;TAXREV;TOT;PC_GDP;A;1997;31.367;31367;31,367%
IRL;TAXREV;TOT;PC_GDP;A;1998;30.837;30837;30,837%
IRL;TAXREV;TOT;PC_GDP;A;1999;30.888;30888;30,888%
IRL;TAXREV;TOT;PC_GDP;A;2000;30.783;30783;30,783%
IRL;TAXREV;TOT;PC_GDP;A;2001;28.684;28684;28,684%
IRL;TAXREV;TOT;PC_GDP;A;2002;27,88;27,88;27,880%
IRL;TAXREV;TOT;PC_GDP;A;2003;28,53;28,53;28,530%
IRL;TAXREV;TOT;PC_GDP;A;2004;29.598;29598;29,598%
IRL;TAXREV;TOT;PC_GDP;A;2005;30.064;30064;30,064%
IRL;TAXREV;TOT;PC_GDP;A;2006;31.413;31413;31,413%
IRL;TAXREV;TOT;PC_GDP;A;2007;30.826;30826;30,826%
IRL;TAXREV;TOT;PC_GDP;A;2008;29.018;29018;29,018%
IRL;TAXREV;TOT;PC_GDP;A;2009;27.971;27971;27,971%
IRL;TAXREV;TOT;PC_GDP;A;2010;27.663;27663;27,663%
IRL;TAXREV;TOT;PC_GDP;A;2011;28.379;28379;28,379%
IRL;TAXREV;TOT;PC_GDP;A;2012;28.634;28634;28,634%
IRL;TAXREV;TOT;PC_GDP;A;2013;28.914;28914;28,914%
IRL;TAXREV;TOT;PC_GDP;A;2014;29.002;29002;29,002%
IRL;TAXREV;TOT;PC_GDP;A;2015;23,37;23,37;23,370%
IRL;TAXREV;TOT;PC_GDP;A;2016;23,61;23,61;23,610%
IRL;TAXREV;TOT;PC_GDP;A;2017;22.761;22761;22,761%
IRL;TAXREV;TOT;PC_GDP;A;2018;22.673;22673;22,673%
IRL;TAXREV;TOT;PC_GDP;A;2019;22.656;22656;22,656%
ITA;TAXREV;TOT;PC_GDP;A;1965;24.581;24581;24,581%
ITA;TAXREV;TOT;PC_GDP;A;1966;24.372;24372;24,372%
ITA;TAXREV;TOT;PC_GDP;A;1967;25.265;25265;25,265%
ITA;TAXREV;TOT;PC_GDP;A;1968;26.009;26009;26,009%
ITA;TAXREV;TOT;PC_GDP;A;1969;25.418;25418;25,418%
ITA;TAXREV;TOT;PC_GDP;A;1970;24.762;24762;24,762%
ITA;TAXREV;TOT;PC_GDP;A;1971;25.384;25384;25,384%
ITA;TAXREV;TOT;PC_GDP;A;1972;25.297;25297;25,297%
ITA;TAXREV;TOT;PC_GDP;A;1973;23.052;23052;23,052%
ITA;TAXREV;TOT;PC_GDP;A;1974;24.157;24157;24,157%
ITA;TAXREV;TOT;PC_GDP;A;1975;24.441;24441;24,441%
ITA;TAXREV;TOT;PC_GDP;A;1976;25.349;25349;25,349%
ITA;TAXREV;TOT;PC_GDP;A;1977;25.834;25834;25,834%
ITA;TAXREV;TOT;PC_GDP;A;1978;25.987;25987;25,987%
ITA;TAXREV;TOT;PC_GDP;A;1979;25.189;25189;25,189%
ITA;TAXREV;TOT;PC_GDP;A;1980;28.624;28624;28,624%
ITA;TAXREV;TOT;PC_GDP;A;1981;29.744;29744;29,744%
ITA;TAXREV;TOT;PC_GDP;A;1982;31.827;31827;31,827%
ITA;TAXREV;TOT;PC_GDP;A;1983;33.715;33715;33,715%
ITA;TAXREV;TOT;PC_GDP;A;1984;32,89;32,89;32,890%
ITA;TAXREV;TOT;PC_GDP;A;1985;32.409;32409;32,409%
ITA;TAXREV;TOT;PC_GDP;A;1986;33.906;33906;33,906%
ITA;TAXREV;TOT;PC_GDP;A;1987;33.996;33996;33,996%
ITA;TAXREV;TOT;PC_GDP;A;1988;34.535;34535;34,535%
ITA;TAXREV;TOT;PC_GDP;A;1989;35.465;35465;35,465%
ITA;TAXREV;TOT;PC_GDP;A;1990;36.271;36271;36,271%
ITA;TAXREV;TOT;PC_GDP;A;1991;36.665;36665;36,665%
ITA;TAXREV;TOT;PC_GDP;A;1992;38.921;38921;38,921%
ITA;TAXREV;TOT;PC_GDP;A;1993;40.505;40505;40,505%
ITA;TAXREV;TOT;PC_GDP;A;1994;38.581;38581;38,581%
ITA;TAXREV;TOT;PC_GDP;A;1995;38.455;38455;38,455%
ITA;TAXREV;TOT;PC_GDP;A;1996;40.154;40154;40,154%
ITA;TAXREV;TOT;PC_GDP;A;1997;41.574;41574;41,574%
ITA;TAXREV;TOT;PC_GDP;A;1998;39,92;39,92;39,920%
ITA;TAXREV;TOT;PC_GDP;A;1999;40.793;40793;40,793%
ITA;TAXREV;TOT;PC_GDP;A;2000;40.523;40523;40,523%
ITA;TAXREV;TOT;PC_GDP;A;2001;40.135;40135;40,135%
ITA;TAXREV;TOT;PC_GDP;A;2002;39.619;39619;39,619%
ITA;TAXREV;TOT;PC_GDP;A;2003;39.953;39953;39,953%
ITA;TAXREV;TOT;PC_GDP;A;2004;39.225;39225;39,225%
ITA;TAXREV;TOT;PC_GDP;A;2005;39.047;39047;39,047%
ITA;TAXREV;TOT;PC_GDP;A;2006;40.464;40464;40,464%
ITA;TAXREV;TOT;PC_GDP;A;2007;41.564;41564;41,564%
ITA;TAXREV;TOT;PC_GDP;A;2008;41.596;41596;41,596%
ITA;TAXREV;TOT;PC_GDP;A;2009;41,97;41,97;41,970%
ITA;TAXREV;TOT;PC_GDP;A;2010;41.701;41701;41,701%
ITA;TAXREV;TOT;PC_GDP;A;2011;41.637;41637;41,637%
ITA;TAXREV;TOT;PC_GDP;A;2012;43.617;43617;43,617%
ITA;TAXREV;TOT;PC_GDP;A;2013;43.828;43828;43,828%
ITA;TAXREV;TOT;PC_GDP;A;2014;43.325;43325;43,325%
ITA;TAXREV;TOT;PC_GDP;A;2015;42.958;42958;42,958%
ITA;TAXREV;TOT;PC_GDP;A;2016;42.242;42242;42,242%
ITA;TAXREV;TOT;PC_GDP;A;2017;41.912;41912;41,912%
ITA;TAXREV;TOT;PC_GDP;A;2018;41.871;41871;41,871%
ITA;TAXREV;TOT;PC_GDP;A;2019;42.446;42446;42,446%
JPN;TAXREV;TOT;PC_GDP;A;1965;17,58;17,58;17,580%
JPN;TAXREV;TOT;PC_GDP;A;1966;17.038;17038;17,038%
JPN;TAXREV;TOT;PC_GDP;A;1967;17,51;17,51;17,510%
JPN;TAXREV;TOT;PC_GDP;A;1968;17.744;17744;17,744%
JPN;TAXREV;TOT;PC_GDP;A;1969;18.064;18064;18,064%
JPN;TAXREV;TOT;PC_GDP;A;1970;18,95;18,95;18,950%
JPN;TAXREV;TOT;PC_GDP;A;1971;19.235;19235;19,235%
JPN;TAXREV;TOT;PC_GDP;A;1972;19.869;19869;19,869%
JPN;TAXREV;TOT;PC_GDP;A;1973;21.545;21545;21,545%
JPN;TAXREV;TOT;PC_GDP;A;1974;22.089;22089;22,089%
JPN;TAXREV;TOT;PC_GDP;A;1975;20.144;20144;20,144%
JPN;TAXREV;TOT;PC_GDP;A;1976;20.952;20952;20,952%
JPN;TAXREV;TOT;PC_GDP;A;1977;21.493;21493;21,493%
JPN;TAXREV;TOT;PC_GDP;A;1978;23.109;23109;23,109%
JPN;TAXREV;TOT;PC_GDP;A;1979;23.521;23521;23,521%
JPN;TAXREV;TOT;PC_GDP;A;1980;24.472;24472;24,472%
JPN;TAXREV;TOT;PC_GDP;A;1981;25.108;25108;25,108%
JPN;TAXREV;TOT;PC_GDP;A;1982;25,58;25,58;25,580%
JPN;TAXREV;TOT;PC_GDP;A;1983;26.008;26008;26,008%
JPN;TAXREV;TOT;PC_GDP;A;1984;26,16;26,16;26,160%
JPN;TAXREV;TOT;PC_GDP;A;1985;26.394;26394;26,394%
JPN;TAXREV;TOT;PC_GDP;A;1986;27.354;27354;27,354%
JPN;TAXREV;TOT;PC_GDP;A;1987;28,22;28,22;28,220%
JPN;TAXREV;TOT;PC_GDP;A;1988;28.678;28678;28,678%
JPN;TAXREV;TOT;PC_GDP;A;1989;28.952;28952;28,952%
JPN;TAXREV;TOT;PC_GDP;A;1990;28.197;28197;28,197%
JPN;TAXREV;TOT;PC_GDP;A;1991;27.857;27857;27,857%
JPN;TAXREV;TOT;PC_GDP;A;1992;26.332;26332;26,332%
JPN;TAXREV;TOT;PC_GDP;A;1993;26.317;26317;26,317%
JPN;TAXREV;TOT;PC_GDP;A;1994;25.459;25459;25,459%
JPN;TAXREV;TOT;PC_GDP;A;1995;25.849;25849;25,849%
JPN;TAXREV;TOT;PC_GDP;A;1996;25.813;25813;25,813%
JPN;TAXREV;TOT;PC_GDP;A;1997;26.175;26175;26,175%
JPN;TAXREV;TOT;PC_GDP;A;1998;25,67;25,67;25,670%
JPN;TAXREV;TOT;PC_GDP;A;1999;25,2;25,2;25,200%
JPN;TAXREV;TOT;PC_GDP;A;2000;25,78;25,78;25,780%
JPN;TAXREV;TOT;PC_GDP;A;2001;25.938;25938;25,938%
JPN;TAXREV;TOT;PC_GDP;A;2002;24.914;24914;24,914%
JPN;TAXREV;TOT;PC_GDP;A;2003;24.532;24532;24,532%
JPN;TAXREV;TOT;PC_GDP;A;2004;25.153;25153;25,153%
JPN;TAXREV;TOT;PC_GDP;A;2005;26.243;26243;26,243%
JPN;TAXREV;TOT;PC_GDP;A;2006;27.031;27031;27,031%
JPN;TAXREV;TOT;PC_GDP;A;2007;27.546;27546;27,546%
JPN;TAXREV;TOT;PC_GDP;A;2008;27.404;27404;27,404%
JPN;TAXREV;TOT;PC_GDP;A;2009;25.969;25969;25,969%
JPN;TAXREV;TOT;PC_GDP;A;2010;26.527;26527;26,527%
JPN;TAXREV;TOT;PC_GDP;A;2011;27.461;27461;27,461%
JPN;TAXREV;TOT;PC_GDP;A;2012;28.238;28238;28,238%
JPN;TAXREV;TOT;PC_GDP;A;2013;28.862;28862;28,862%
JPN;TAXREV;TOT;PC_GDP;A;2014;30.273;30273;30,273%
JPN;TAXREV;TOT;PC_GDP;A;2015;30.694;30694;30,694%
JPN;TAXREV;TOT;PC_GDP;A;2016;30.729;30729;30,729%
JPN;TAXREV;TOT;PC_GDP;A;2017;31.377;31377;31,377%
JPN;TAXREV;TOT;PC_GDP;A;2018;32,03;32,03;32,030%
KOR;TAXREV;TOT;PC_GDP;A;1972;12.098;12098;12,098%
KOR;TAXREV;TOT;PC_GDP;A;1973;11.676;11676;11,676%
KOR;TAXREV;TOT;PC_GDP;A;1974;12.765;12765;12,765%
KOR;TAXREV;TOT;PC_GDP;A;1975;14,52;14,52;14,520%
KOR;TAXREV;TOT;PC_GDP;A;1976;15.806;15806;15,806%
KOR;TAXREV;TOT;PC_GDP;A;1977;15.755;15755;15,755%
KOR;TAXREV;TOT;PC_GDP;A;1978;16.148;16148;16,148%
KOR;TAXREV;TOT;PC_GDP;A;1979;16.449;16449;16,449%
KOR;TAXREV;TOT;PC_GDP;A;1980;16.513;16513;16,513%
KOR;TAXREV;TOT;PC_GDP;A;1981;16.358;16358;16,358%
KOR;TAXREV;TOT;PC_GDP;A;1982;16,54;16,54;16,540%
KOR;TAXREV;TOT;PC_GDP;A;1983;16.754;16754;16,754%
KOR;TAXREV;TOT;PC_GDP;A;1984;15.758;15758;15,758%
KOR;TAXREV;TOT;PC_GDP;A;1985;15.381;15381;15,381%
KOR;TAXREV;TOT;PC_GDP;A;1986;15.013;15013;15,013%
KOR;TAXREV;TOT;PC_GDP;A;1987;15.272;15272;15,272%
KOR;TAXREV;TOT;PC_GDP;A;1988;15.176;15176;15,176%
KOR;TAXREV;TOT;PC_GDP;A;1989;15,92;15,92;15,920%
KOR;TAXREV;TOT;PC_GDP;A;1990;18.371;18371;18,371%
KOR;TAXREV;TOT;PC_GDP;A;1991;18.072;18072;18,072%
KOR;TAXREV;TOT;PC_GDP;A;1992;17.981;17981;17,981%
KOR;TAXREV;TOT;PC_GDP;A;1993;18.298;18298;18,298%
KOR;TAXREV;TOT;PC_GDP;A;1994;18.419;18419;18,419%
KOR;TAXREV;TOT;PC_GDP;A;1995;18.636;18636;18,636%
KOR;TAXREV;TOT;PC_GDP;A;1996;19.251;19251;19,251%
KOR;TAXREV;TOT;PC_GDP;A;1997;18.915;18915;18,915%
KOR;TAXREV;TOT;PC_GDP;A;1998;18.925;18925;18,925%
KOR;TAXREV;TOT;PC_GDP;A;1999;19.222;19222;19,222%
KOR;TAXREV;TOT;PC_GDP;A;2000;20.916;20916;20,916%
KOR;TAXREV;TOT;PC_GDP;A;2001;21.201;21201;21,201%
KOR;TAXREV;TOT;PC_GDP;A;2002;21.312;21312;21,312%
KOR;TAXREV;TOT;PC_GDP;A;2003;21.991;21991;21,991%
KOR;TAXREV;TOT;PC_GDP;A;2004;21.177;21177;21,177%
KOR;TAXREV;TOT;PC_GDP;A;2005;21.656;21656;21,656%
KOR;TAXREV;TOT;PC_GDP;A;2006;22.632;22632;22,632%
KOR;TAXREV;TOT;PC_GDP;A;2007;23,73;23,73;23,730%
KOR;TAXREV;TOT;PC_GDP;A;2008;23.583;23583;23,583%
KOR;TAXREV;TOT;PC_GDP;A;2009;22.703;22703;22,703%
KOR;TAXREV;TOT;PC_GDP;A;2010;22.378;22378;22,378%
KOR;TAXREV;TOT;PC_GDP;A;2011;23.177;23177;23,177%
KOR;TAXREV;TOT;PC_GDP;A;2012;23.702;23702;23,702%
KOR;TAXREV;TOT;PC_GDP;A;2013;23.143;23143;23,143%
KOR;TAXREV;TOT;PC_GDP;A;2014;23.381;23381;23,381%
KOR;TAXREV;TOT;PC_GDP;A;2015;23.737;23737;23,737%
KOR;TAXREV;TOT;PC_GDP;A;2016;24.745;24745;24,745%
KOR;TAXREV;TOT;PC_GDP;A;2017;25.357;25357;25,357%
KOR;TAXREV;TOT;PC_GDP;A;2018;26.752;26752;26,752%
KOR;TAXREV;TOT;PC_GDP;A;2019;27.377;27377;27,377%
LUX;TAXREV;TOT;PC_GDP;A;1965;26,35;26,35;26,350%
LUX;TAXREV;TOT;PC_GDP;A;1966;26.096;26096;26,096%
LUX;TAXREV;TOT;PC_GDP;A;1967;26.743;26743;26,743%
LUX;TAXREV;TOT;PC_GDP;A;1968;25.854;25854;25,854%
LUX;TAXREV;TOT;PC_GDP;A;1969;26.012;26012;26,012%
LUX;TAXREV;TOT;PC_GDP;A;1970;22.482;22482;22,482%
LUX;TAXREV;TOT;PC_GDP;A;1971;24.592;24592;24,592%
LUX;TAXREV;TOT;PC_GDP;A;1972;25.097;25097;25,097%
LUX;TAXREV;TOT;PC_GDP;A;1973;25.449;25449;25,449%
LUX;TAXREV;TOT;PC_GDP;A;1974;26.299;26299;26,299%
LUX;TAXREV;TOT;PC_GDP;A;1975;31.373;31373;31,373%
LUX;TAXREV;TOT;PC_GDP;A;1976;31.549;31549;31,549%
LUX;TAXREV;TOT;PC_GDP;A;1977;34,95;34,95;34,950%
LUX;TAXREV;TOT;PC_GDP;A;1978;35.586;35586;35,586%
LUX;TAXREV;TOT;PC_GDP;A;1979;33.327;33327;33,327%
LUX;TAXREV;TOT;PC_GDP;A;1980;34.156;34156;34,156%
LUX;TAXREV;TOT;PC_GDP;A;1981;35.081;35081;35,081%
LUX;TAXREV;TOT;PC_GDP;A;1982;36.248;36248;36,248%
LUX;TAXREV;TOT;PC_GDP;A;1983;38.219;38219;38,219%
LUX;TAXREV;TOT;PC_GDP;A;1984;36.774;36774;36,774%
LUX;TAXREV;TOT;PC_GDP;A;1985;37.792;37792;37,792%
LUX;TAXREV;TOT;PC_GDP;A;1986;35.836;35836;35,836%
LUX;TAXREV;TOT;PC_GDP;A;1987;36.034;36034;36,034%
LUX;TAXREV;TOT;PC_GDP;A;1988;34.721;34721;34,721%
LUX;TAXREV;TOT;PC_GDP;A;1989;33.927;33927;33,927%
LUX;TAXREV;TOT;PC_GDP;A;1990;33.498;33498;33,498%
LUX;TAXREV;TOT;PC_GDP;A;1991;31.397;31397;31,397%
LUX;TAXREV;TOT;PC_GDP;A;1992;32,24;32,24;32,240%
LUX;TAXREV;TOT;PC_GDP;A;1993;34.223;34223;34,223%
LUX;TAXREV;TOT;PC_GDP;A;1994;34.611;34611;34,611%
LUX;TAXREV;TOT;PC_GDP;A;1995;34.766;34766;34,766%
LUX;TAXREV;TOT;PC_GDP;A;1996;34.983;34983;34,983%
LUX;TAXREV;TOT;PC_GDP;A;1997;36.393;36393;36,393%
LUX;TAXREV;TOT;PC_GDP;A;1998;37.274;37274;37,274%
LUX;TAXREV;TOT;PC_GDP;A;1999;36,15;36,15;36,150%
LUX;TAXREV;TOT;PC_GDP;A;2000;36.875;36875;36,875%
LUX;TAXREV;TOT;PC_GDP;A;2001;37.398;37398;37,398%
LUX;TAXREV;TOT;PC_GDP;A;2002;37,29;37,29;37,290%
LUX;TAXREV;TOT;PC_GDP;A;2003;37.452;37452;37,452%
LUX;TAXREV;TOT;PC_GDP;A;2004;36.565;36565;36,565%
LUX;TAXREV;TOT;PC_GDP;A;2005;37.748;37748;37,748%
LUX;TAXREV;TOT;PC_GDP;A;2006;35.689;35689;35,689%
LUX;TAXREV;TOT;PC_GDP;A;2007;36.191;36191;36,191%
LUX;TAXREV;TOT;PC_GDP;A;2008;36,75;36,75;36,750%
LUX;TAXREV;TOT;PC_GDP;A;2009;38,29;38,29;38,290%
LUX;TAXREV;TOT;PC_GDP;A;2010;37.507;37507;37,507%
LUX;TAXREV;TOT;PC_GDP;A;2011;37.062;37062;37,062%
LUX;TAXREV;TOT;PC_GDP;A;2012;38.348;38348;38,348%
LUX;TAXREV;TOT;PC_GDP;A;2013;38.157;38157;38,157%
LUX;TAXREV;TOT;PC_GDP;A;2014;37.459;37459;37,459%
LUX;TAXREV;TOT;PC_GDP;A;2015;36.985;36985;36,985%
LUX;TAXREV;TOT;PC_GDP;A;2016;36.827;36827;36,827%
LUX;TAXREV;TOT;PC_GDP;A;2017;37.611;37611;37,611%
LUX;TAXREV;TOT;PC_GDP;A;2018;39.743;39743;39,743%
LUX;TAXREV;TOT;PC_GDP;A;2019;39.222;39222;39,222%
MEX;TAXREV;TOT;PC_GDP;A;1980;14.169;14169;14,169%
MEX;TAXREV;TOT;PC_GDP;A;1981;13.781;13781;13,781%
MEX;TAXREV;TOT;PC_GDP;A;1982;14.035;14035;14,035%
MEX;TAXREV;TOT;PC_GDP;A;1983;15.659;15659;15,659%
MEX;TAXREV;TOT;PC_GDP;A;1984;15.222;15222;15,222%
MEX;TAXREV;TOT;PC_GDP;A;1985;14.846;14846;14,846%
MEX;TAXREV;TOT;PC_GDP;A;1986;14.165;14165;14,165%
MEX;TAXREV;TOT;PC_GDP;A;1987;15.065;15065;15,065%
MEX;TAXREV;TOT;PC_GDP;A;1988;14.525;14525;14,525%
MEX;TAXREV;TOT;PC_GDP;A;1989;15.061;15061;15,061%
MEX;TAXREV;TOT;PC_GDP;A;1990;12.091;12091;12,091%
MEX;TAXREV;TOT;PC_GDP;A;1991;12.257;12257;12,257%
MEX;TAXREV;TOT;PC_GDP;A;1992;12.802;12802;12,802%
MEX;TAXREV;TOT;PC_GDP;A;1993;12.002;12002;12,002%
MEX;TAXREV;TOT;PC_GDP;A;1994;12.002;12002;12,002%
MEX;TAXREV;TOT;PC_GDP;A;1995;10,11;10,11;10,110%
MEX;TAXREV;TOT;PC_GDP;A;1996;9.912;9912;9,912%
MEX;TAXREV;TOT;PC_GDP;A;1997;10,5;10,5;10,500%
MEX;TAXREV;TOT;PC_GDP;A;1998;10.963;10963;10,963%
MEX;TAXREV;TOT;PC_GDP;A;1999;11.728;11728;11,728%
MEX;TAXREV;TOT;PC_GDP;A;2000;11.462;11462;11,462%
MEX;TAXREV;TOT;PC_GDP;A;2001;12.194;12194;12,194%
MEX;TAXREV;TOT;PC_GDP;A;2002;12,61;12,61;12,610%
MEX;TAXREV;TOT;PC_GDP;A;2003;12.671;12671;12,671%
MEX;TAXREV;TOT;PC_GDP;A;2004;11.559;11559;11,559%
MEX;TAXREV;TOT;PC_GDP;A;2005;11.362;11362;11,362%
MEX;TAXREV;TOT;PC_GDP;A;2006;11.588;11588;11,588%
MEX;TAXREV;TOT;PC_GDP;A;2007;12.014;12014;12,014%
MEX;TAXREV;TOT;PC_GDP;A;2008;12.599;12599;12,599%
MEX;TAXREV;TOT;PC_GDP;A;2009;12.467;12467;12,467%
MEX;TAXREV;TOT;PC_GDP;A;2010;12,84;12,84;12,840%
MEX;TAXREV;TOT;PC_GDP;A;2011;12.767;12767;12,767%
MEX;TAXREV;TOT;PC_GDP;A;2012;12.649;12649;12,649%
MEX;TAXREV;TOT;PC_GDP;A;2013;13.304;13304;13,304%
MEX;TAXREV;TOT;PC_GDP;A;2014;13.702;13702;13,702%
MEX;TAXREV;TOT;PC_GDP;A;2015;15,92;15,92;15,920%
MEX;TAXREV;TOT;PC_GDP;A;2016;16.618;16618;16,618%
MEX;TAXREV;TOT;PC_GDP;A;2017;16.096;16096;16,096%
MEX;TAXREV;TOT;PC_GDP;A;2018;16.167;16167;16,167%
MEX;TAXREV;TOT;PC_GDP;A;2019;16.471;16471;16,471%
NLD;TAXREV;TOT;PC_GDP;A;1965;30,48;30,48;30,480%
NLD;TAXREV;TOT;PC_GDP;A;1966;31.787;31787;31,787%
NLD;TAXREV;TOT;PC_GDP;A;1967;32.716;32716;32,716%
NLD;TAXREV;TOT;PC_GDP;A;1968;33,37;33,37;33,370%
NLD;TAXREV;TOT;PC_GDP;A;1969;32.169;32169;32,169%
NLD;TAXREV;TOT;PC_GDP;A;1970;32.974;32974;32,974%
NLD;TAXREV;TOT;PC_GDP;A;1971;34.336;34336;34,336%
NLD;TAXREV;TOT;PC_GDP;A;1972;35.415;35415;35,415%
NLD;TAXREV;TOT;PC_GDP;A;1973;36.385;36385;36,385%
NLD;TAXREV;TOT;PC_GDP;A;1974;36,79;36,79;36,790%
NLD;TAXREV;TOT;PC_GDP;A;1975;37,72;37,72;37,720%
NLD;TAXREV;TOT;PC_GDP;A;1976;37.609;37609;37,609%
NLD;TAXREV;TOT;PC_GDP;A;1977;38.435;38435;38,435%
NLD;TAXREV;TOT;PC_GDP;A;1978;39.054;39054;39,054%
NLD;TAXREV;TOT;PC_GDP;A;1979;39.456;39456;39,456%
NLD;TAXREV;TOT;PC_GDP;A;1980;39.748;39748;39,748%
NLD;TAXREV;TOT;PC_GDP;A;1981;38.918;38918;38,918%
NLD;TAXREV;TOT;PC_GDP;A;1982;39,57;39,57;39,570%
NLD;TAXREV;TOT;PC_GDP;A;1983;40.647;40647;40,647%
NLD;TAXREV;TOT;PC_GDP;A;1984;38.964;38964;38,964%
NLD;TAXREV;TOT;PC_GDP;A;1985;39.284;39284;39,284%
NLD;TAXREV;TOT;PC_GDP;A;1986;39,9;39,9;39,900%
NLD;TAXREV;TOT;PC_GDP;A;1987;42.121;42121;42,121%
NLD;TAXREV;TOT;PC_GDP;A;1988;42.081;42081;42,081%
NLD;TAXREV;TOT;PC_GDP;A;1989;39.691;39691;39,691%
NLD;TAXREV;TOT;PC_GDP;A;1990;39.698;39698;39,698%
NLD;TAXREV;TOT;PC_GDP;A;1991;41.728;41728;41,728%
NLD;TAXREV;TOT;PC_GDP;A;1992;41.389;41389;41,389%
NLD;TAXREV;TOT;PC_GDP;A;1993;41.581;41581;41,581%
NLD;TAXREV;TOT;PC_GDP;A;1994;39.733;39733;39,733%
NLD;TAXREV;TOT;PC_GDP;A;1995;37.248;37248;37,248%
NLD;TAXREV;TOT;PC_GDP;A;1996;37.345;37345;37,345%
NLD;TAXREV;TOT;PC_GDP;A;1997;36.798;36798;36,798%
NLD;TAXREV;TOT;PC_GDP;A;1998;36.254;36254;36,254%
NLD;TAXREV;TOT;PC_GDP;A;1999;37.158;37158;37,158%
NLD;TAXREV;TOT;PC_GDP;A;2000;36.907;36907;36,907%
NLD;TAXREV;TOT;PC_GDP;A;2001;35.612;35612;35,612%
NLD;TAXREV;TOT;PC_GDP;A;2002;35.014;35014;35,014%
NLD;TAXREV;TOT;PC_GDP;A;2003;34.804;34804;34,804%
NLD;TAXREV;TOT;PC_GDP;A;2004;34.809;34809;34,809%
NLD;TAXREV;TOT;PC_GDP;A;2005;35.013;35013;35,013%
NLD;TAXREV;TOT;PC_GDP;A;2006;36.047;36047;36,047%
NLD;TAXREV;TOT;PC_GDP;A;2007;35.685;35685;35,685%
NLD;TAXREV;TOT;PC_GDP;A;2008;35.946;35946;35,946%
NLD;TAXREV;TOT;PC_GDP;A;2009;34.939;34939;34,939%
NLD;TAXREV;TOT;PC_GDP;A;2010;35.656;35656;35,656%
NLD;TAXREV;TOT;PC_GDP;A;2011;35.443;35443;35,443%
NLD;TAXREV;TOT;PC_GDP;A;2012;35.587;35587;35,587%
NLD;TAXREV;TOT;PC_GDP;A;2013;36.109;36109;36,109%
NLD;TAXREV;TOT;PC_GDP;A;2014;37.047;37047;37,047%
NLD;TAXREV;TOT;PC_GDP;A;2015;37.007;37007;37,007%
NLD;TAXREV;TOT;PC_GDP;A;2016;38.405;38405;38,405%
NLD;TAXREV;TOT;PC_GDP;A;2017;38.701;38701;38,701%
NLD;TAXREV;TOT;PC_GDP;A;2018;38.799;38799;38,799%
NLD;TAXREV;TOT;PC_GDP;A;2019;39.333;39333;39,333%
NZL;TAXREV;TOT;PC_GDP;A;1965;24.498;24498;24,498%
NZL;TAXREV;TOT;PC_GDP;A;1966;25.226;25226;25,226%
NZL;TAXREV;TOT;PC_GDP;A;1967;27.293;27293;27,293%
NZL;TAXREV;TOT;PC_GDP;A;1968;23.703;23703;23,703%
NZL;TAXREV;TOT;PC_GDP;A;1969;24.806;24806;24,806%
NZL;TAXREV;TOT;PC_GDP;A;1970;26.516;26516;26,516%
NZL;TAXREV;TOT;PC_GDP;A;1971;26.509;26509;26,509%
NZL;TAXREV;TOT;PC_GDP;A;1972;25.962;25962;25,962%
NZL;TAXREV;TOT;PC_GDP;A;1973;27,5;27,5;27,500%
NZL;TAXREV;TOT;PC_GDP;A;1974;30.227;30227;30,227%
NZL;TAXREV;TOT;PC_GDP;A;1975;29.994;29994;29,994%
NZL;TAXREV;TOT;PC_GDP;A;1976;29.733;29733;29,733%
NZL;TAXREV;TOT;PC_GDP;A;1977;31.762;31762;31,762%
NZL;TAXREV;TOT;PC_GDP;A;1978;30.297;30297;30,297%
NZL;TAXREV;TOT;PC_GDP;A;1979;31.526;31526;31,526%
NZL;TAXREV;TOT;PC_GDP;A;1980;31.658;31658;31,658%
NZL;TAXREV;TOT;PC_GDP;A;1981;32.585;32585;32,585%
NZL;TAXREV;TOT;PC_GDP;A;1982;32.532;32532;32,532%
NZL;TAXREV;TOT;PC_GDP;A;1983;30.222;30222;30,222%
NZL;TAXREV;TOT;PC_GDP;A;1984;30.269;30269;30,269%
NZL;TAXREV;TOT;PC_GDP;A;1985;31.208;31208;31,208%
NZL;TAXREV;TOT;PC_GDP;A;1986;31.997;31997;31,997%
NZL;TAXREV;TOT;PC_GDP;A;1987;35.071;35071;35,071%
NZL;TAXREV;TOT;PC_GDP;A;1988;34.305;34305;34,305%
NZL;TAXREV;TOT;PC_GDP;A;1989;36.831;36831;36,831%
NZL;TAXREV;TOT;PC_GDP;A;1990;36.175;36175;36,175%
NZL;TAXREV;TOT;PC_GDP;A;1991;34.341;34341;34,341%
NZL;TAXREV;TOT;PC_GDP;A;1992;34.764;34764;34,764%
NZL;TAXREV;TOT;PC_GDP;A;1993;34.873;34873;34,873%
NZL;TAXREV;TOT;PC_GDP;A;1994;35.421;35421;35,421%
NZL;TAXREV;TOT;PC_GDP;A;1995;35.571;35571;35,571%
NZL;TAXREV;TOT;PC_GDP;A;1996;33.754;33754;33,754%
NZL;TAXREV;TOT;PC_GDP;A;1997;33.932;33932;33,932%
NZL;TAXREV;TOT;PC_GDP;A;1998;32.276;32276;32,276%
NZL;TAXREV;TOT;PC_GDP;A;1999;32.312;32312;32,312%
NZL;TAXREV;TOT;PC_GDP;A;2000;32.538;32538;32,538%
NZL;TAXREV;TOT;PC_GDP;A;2001;31.941;31941;31,941%
NZL;TAXREV;TOT;PC_GDP;A;2002;33,25;33,25;33,250%
NZL;TAXREV;TOT;PC_GDP;A;2003;33.161;33161;33,161%
NZL;TAXREV;TOT;PC_GDP;A;2004;34.203;34203;34,203%
NZL;TAXREV;TOT;PC_GDP;A;2005;36.065;36065;36,065%
NZL;TAXREV;TOT;PC_GDP;A;2006;35.274;35274;35,274%
NZL;TAXREV;TOT;PC_GDP;A;2007;33.876;33876;33,876%
NZL;TAXREV;TOT;PC_GDP;A;2008;32.892;32892;32,892%
NZL;TAXREV;TOT;PC_GDP;A;2009;30.243;30243;30,243%
NZL;TAXREV;TOT;PC_GDP;A;2010;30.266;30266;30,266%
NZL;TAXREV;TOT;PC_GDP;A;2011;30.045;30045;30,045%
NZL;TAXREV;TOT;PC_GDP;A;2012;31.635;31635;31,635%
NZL;TAXREV;TOT;PC_GDP;A;2013;30.484;30484;30,484%
NZL;TAXREV;TOT;PC_GDP;A;2014;31.268;31268;31,268%
NZL;TAXREV;TOT;PC_GDP;A;2015;31.612;31612;31,612%
NZL;TAXREV;TOT;PC_GDP;A;2016;31.517;31517;31,517%
NZL;TAXREV;TOT;PC_GDP;A;2017;31.605;31605;31,605%
NZL;TAXREV;TOT;PC_GDP;A;2018;32.885;32885;32,885%
NZL;TAXREV;TOT;PC_GDP;A;2019;32.312;32312;32,312%
NOR;TAXREV;TOT;PC_GDP;A;1965;29.445;29445;29,445%
NOR;TAXREV;TOT;PC_GDP;A;1966;30.615;30615;30,615%
NOR;TAXREV;TOT;PC_GDP;A;1967;32.357;32357;32,357%
NOR;TAXREV;TOT;PC_GDP;A;1968;33,32;33,32;33,320%
NOR;TAXREV;TOT;PC_GDP;A;1969;34.596;34596;34,596%
NOR;TAXREV;TOT;PC_GDP;A;1970;34,26;34,26;34,260%
NOR;TAXREV;TOT;PC_GDP;A;1971;36.736;36736;36,736%
NOR;TAXREV;TOT;PC_GDP;A;1972;38.594;38594;38,594%
NOR;TAXREV;TOT;PC_GDP;A;1973;38.986;38986;38,986%
NOR;TAXREV;TOT;PC_GDP;A;1974;38.613;38613;38,613%
NOR;TAXREV;TOT;PC_GDP;A;1975;38.828;38828;38,828%
NOR;TAXREV;TOT;PC_GDP;A;1976;40.224;40224;40,224%
NOR;TAXREV;TOT;PC_GDP;A;1977;40.957;40957;40,957%
NOR;TAXREV;TOT;PC_GDP;A;1978;40.436;40436;40,436%
NOR;TAXREV;TOT;PC_GDP;A;1979;40.306;40306;40,306%
NOR;TAXREV;TOT;PC_GDP;A;1980;41.944;41944;41,944%
NOR;TAXREV;TOT;PC_GDP;A;1981;43.361;43361;43,361%
NOR;TAXREV;TOT;PC_GDP;A;1982;42.553;42553;42,553%
NOR;TAXREV;TOT;PC_GDP;A;1983;41.282;41282;41,282%
NOR;TAXREV;TOT;PC_GDP;A;1984;40.528;40528;40,528%
NOR;TAXREV;TOT;PC_GDP;A;1985;41.867;41867;41,867%
NOR;TAXREV;TOT;PC_GDP;A;1986;43.641;43641;43,641%
NOR;TAXREV;TOT;PC_GDP;A;1987;41.891;41891;41,891%
NOR;TAXREV;TOT;PC_GDP;A;1988;41.436;41436;41,436%
NOR;TAXREV;TOT;PC_GDP;A;1989;39.742;39742;39,742%
NOR;TAXREV;TOT;PC_GDP;A;1990;40.249;40249;40,249%
NOR;TAXREV;TOT;PC_GDP;A;1991;40.368;40368;40,368%
NOR;TAXREV;TOT;PC_GDP;A;1992;39.532;39532;39,532%
NOR;TAXREV;TOT;PC_GDP;A;1993;38.657;38657;38,657%
NOR;TAXREV;TOT;PC_GDP;A;1994;39.952;39952;39,952%
NOR;TAXREV;TOT;PC_GDP;A;1995;39.367;39367;39,367%
NOR;TAXREV;TOT;PC_GDP;A;1996;39.292;39292;39,292%
NOR;TAXREV;TOT;PC_GDP;A;1997;40.093;40093;40,093%
NOR;TAXREV;TOT;PC_GDP;A;1998;41.211;41211;41,211%
NOR;TAXREV;TOT;PC_GDP;A;1999;41.535;41535;41,535%
NOR;TAXREV;TOT;PC_GDP;A;2000;41.664;41664;41,664%
NOR;TAXREV;TOT;PC_GDP;A;2001;41.879;41879;41,879%
NOR;TAXREV;TOT;PC_GDP;A;2002;42.221;42221;42,221%
NOR;TAXREV;TOT;PC_GDP;A;2003;41.566;41566;41,566%
NOR;TAXREV;TOT;PC_GDP;A;2004;42.317;42317;42,317%
NOR;TAXREV;TOT;PC_GDP;A;2005;42.549;42549;42,549%
NOR;TAXREV;TOT;PC_GDP;A;2006;42.708;42708;42,708%
NOR;TAXREV;TOT;PC_GDP;A;2007;42.009;42009;42,009%
NOR;TAXREV;TOT;PC_GDP;A;2008;41.269;41269;41,269%
NOR;TAXREV;TOT;PC_GDP;A;2009;41,11;41,11;41,110%
NOR;TAXREV;TOT;PC_GDP;A;2010;41.804;41804;41,804%
NOR;TAXREV;TOT;PC_GDP;A;2011;41.921;41921;41,921%
NOR;TAXREV;TOT;PC_GDP;A;2012;41.409;41409;41,409%
NOR;TAXREV;TOT;PC_GDP;A;2013;39.818;39818;39,818%
NOR;TAXREV;TOT;PC_GDP;A;2014;38.748;38748;38,748%
NOR;TAXREV;TOT;PC_GDP;A;2015;38.421;38421;38,421%
NOR;TAXREV;TOT;PC_GDP;A;2016;38.878;38878;38,878%
NOR;TAXREV;TOT;PC_GDP;A;2017;38,78;38,78;38,780%
NOR;TAXREV;TOT;PC_GDP;A;2018;39.571;39571;39,571%
NOR;TAXREV;TOT;PC_GDP;A;2019;39.928;39928;39,928%
POL;TAXREV;TOT;PC_GDP;A;1991;34.027;34027;34,027%
POL;TAXREV;TOT;PC_GDP;A;1992;36.178;36178;36,178%
POL;TAXREV;TOT;PC_GDP;A;1993;39.217;39217;39,217%
POL;TAXREV;TOT;PC_GDP;A;1994;36.438;36438;36,438%
POL;TAXREV;TOT;PC_GDP;A;1995;36.617;36617;36,617%
POL;TAXREV;TOT;PC_GDP;A;1996;36.612;36612;36,612%
POL;TAXREV;TOT;PC_GDP;A;1997;36.114;36114;36,114%
POL;TAXREV;TOT;PC_GDP;A;1998;35.328;35328;35,328%
POL;TAXREV;TOT;PC_GDP;A;1999;35.021;35021;35,021%
POL;TAXREV;TOT;PC_GDP;A;2000;32.935;32935;32,935%
POL;TAXREV;TOT;PC_GDP;A;2001;32.895;32895;32,895%
POL;TAXREV;TOT;PC_GDP;A;2002;33.034;33034;33,034%
POL;TAXREV;TOT;PC_GDP;A;2003;32,49;32,49;32,490%
POL;TAXREV;TOT;PC_GDP;A;2004;31.919;31919;31,919%
POL;TAXREV;TOT;PC_GDP;A;2005;32,96;32,96;32,960%
POL;TAXREV;TOT;PC_GDP;A;2006;33.611;33611;33,611%
POL;TAXREV;TOT;PC_GDP;A;2007;34.622;34622;34,622%
POL;TAXREV;TOT;PC_GDP;A;2008;34.117;34117;34,117%
POL;TAXREV;TOT;PC_GDP;A;2009;31.199;31199;31,199%
POL;TAXREV;TOT;PC_GDP;A;2010;31.361;31361;31,361%
POL;TAXREV;TOT;PC_GDP;A;2011;31.797;31797;31,797%
POL;TAXREV;TOT;PC_GDP;A;2012;32.047;32047;32,047%
POL;TAXREV;TOT;PC_GDP;A;2013;31.872;31872;31,872%
POL;TAXREV;TOT;PC_GDP;A;2014;31.899;31899;31,899%
POL;TAXREV;TOT;PC_GDP;A;2015;32.439;32439;32,439%
POL;TAXREV;TOT;PC_GDP;A;2016;33.409;33409;33,409%
POL;TAXREV;TOT;PC_GDP;A;2017;34.124;34124;34,124%
POL;TAXREV;TOT;PC_GDP;A;2018;35.159;35159;35,159%
POL;TAXREV;TOT;PC_GDP;A;2019;35.385;35385;35,385%
PRT;TAXREV;TOT;PC_GDP;A;1965;15.669;15669;15,669%
PRT;TAXREV;TOT;PC_GDP;A;1966;16,07;16,07;16,070%
PRT;TAXREV;TOT;PC_GDP;A;1967;16.725;16725;16,725%
PRT;TAXREV;TOT;PC_GDP;A;1968;16.766;16766;16,766%
PRT;TAXREV;TOT;PC_GDP;A;1969;17.426;17426;17,426%
PRT;TAXREV;TOT;PC_GDP;A;1970;17.585;17585;17,585%
PRT;TAXREV;TOT;PC_GDP;A;1971;17.339;17339;17,339%
PRT;TAXREV;TOT;PC_GDP;A;1972;17.122;17122;17,122%
PRT;TAXREV;TOT;PC_GDP;A;1973;16.727;16727;16,727%
PRT;TAXREV;TOT;PC_GDP;A;1974;17.135;17135;17,135%
PRT;TAXREV;TOT;PC_GDP;A;1975;18.856;18856;18,856%
PRT;TAXREV;TOT;PC_GDP;A;1976;20.475;20475;20,475%
PRT;TAXREV;TOT;PC_GDP;A;1977;20.887;20887;20,887%
PRT;TAXREV;TOT;PC_GDP;A;1978;20.172;20172;20,172%
PRT;TAXREV;TOT;PC_GDP;A;1979;19.868;19868;19,868%
PRT;TAXREV;TOT;PC_GDP;A;1980;21.886;21886;21,886%
PRT;TAXREV;TOT;PC_GDP;A;1981;23.151;23151;23,151%
PRT;TAXREV;TOT;PC_GDP;A;1982;23.741;23741;23,741%
PRT;TAXREV;TOT;PC_GDP;A;1983;25.103;25103;25,103%
PRT;TAXREV;TOT;PC_GDP;A;1984;24.594;24594;24,594%
PRT;TAXREV;TOT;PC_GDP;A;1985;24.125;24125;24,125%
PRT;TAXREV;TOT;PC_GDP;A;1986;25.457;25457;25,457%
PRT;TAXREV;TOT;PC_GDP;A;1987;23.991;23991;23,991%
PRT;TAXREV;TOT;PC_GDP;A;1988;25,63;25,63;25,630%
PRT;TAXREV;TOT;PC_GDP;A;1989;26.286;26286;26,286%
PRT;TAXREV;TOT;PC_GDP;A;1990;26.486;26486;26,486%
PRT;TAXREV;TOT;PC_GDP;A;1991;27,53;27,53;27,530%
PRT;TAXREV;TOT;PC_GDP;A;1992;29.454;29454;29,454%
PRT;TAXREV;TOT;PC_GDP;A;1993;28.029;28029;28,029%
PRT;TAXREV;TOT;PC_GDP;A;1994;28.804;28804;28,804%
PRT;TAXREV;TOT;PC_GDP;A;1995;29.281;29281;29,281%
PRT;TAXREV;TOT;PC_GDP;A;1996;29.957;29957;29,957%
PRT;TAXREV;TOT;PC_GDP;A;1997;29.929;29929;29,929%
PRT;TAXREV;TOT;PC_GDP;A;1998;30.184;30184;30,184%
PRT;TAXREV;TOT;PC_GDP;A;1999;30.968;30968;30,968%
PRT;TAXREV;TOT;PC_GDP;A;2000;31.062;31062;31,062%
PRT;TAXREV;TOT;PC_GDP;A;2001;30.833;30833;30,833%
PRT;TAXREV;TOT;PC_GDP;A;2002;31.264;31264;31,264%
PRT;TAXREV;TOT;PC_GDP;A;2003;31.359;31359;31,359%
PRT;TAXREV;TOT;PC_GDP;A;2004;30.174;30174;30,174%
PRT;TAXREV;TOT;PC_GDP;A;2005;30.827;30827;30,827%
PRT;TAXREV;TOT;PC_GDP;A;2006;31.329;31329;31,329%
PRT;TAXREV;TOT;PC_GDP;A;2007;31.814;31814;31,814%
PRT;TAXREV;TOT;PC_GDP;A;2008;31.689;31689;31,689%
PRT;TAXREV;TOT;PC_GDP;A;2009;29,92;29,92;29,920%
PRT;TAXREV;TOT;PC_GDP;A;2010;30.459;30459;30,459%
PRT;TAXREV;TOT;PC_GDP;A;2011;32.342;32342;32,342%
PRT;TAXREV;TOT;PC_GDP;A;2012;31.799;31799;31,799%
PRT;TAXREV;TOT;PC_GDP;A;2013;34.028;34028;34,028%
PRT;TAXREV;TOT;PC_GDP;A;2014;34.191;34191;34,191%
PRT;TAXREV;TOT;PC_GDP;A;2015;34.392;34392;34,392%
PRT;TAXREV;TOT;PC_GDP;A;2016;34.061;34061;34,061%
PRT;TAXREV;TOT;PC_GDP;A;2017;34.121;34121;34,121%
PRT;TAXREV;TOT;PC_GDP;A;2018;34,82;34,82;34,820%
PRT;TAXREV;TOT;PC_GDP;A;2019;34.845;34845;34,845%
SVK;TAXREV;TOT;PC_GDP;A;1995;39.481;39481;39,481%
SVK;TAXREV;TOT;PC_GDP;A;1996;38.577;38577;38,577%
SVK;TAXREV;TOT;PC_GDP;A;1997;36,48;36,48;36,480%
SVK;TAXREV;TOT;PC_GDP;A;1998;36.097;36097;36,097%
SVK;TAXREV;TOT;PC_GDP;A;1999;34.845;34845;34,845%
SVK;TAXREV;TOT;PC_GDP;A;2000;33.633;33633;33,633%
SVK;TAXREV;TOT;PC_GDP;A;2001;32.705;32705;32,705%
SVK;TAXREV;TOT;PC_GDP;A;2002;32.828;32828;32,828%
SVK;TAXREV;TOT;PC_GDP;A;2003;32.552;32552;32,552%
SVK;TAXREV;TOT;PC_GDP;A;2004;31.531;31531;31,531%
SVK;TAXREV;TOT;PC_GDP;A;2005;31.291;31291;31,291%
SVK;TAXREV;TOT;PC_GDP;A;2006;29.333;29333;29,333%
SVK;TAXREV;TOT;PC_GDP;A;2007;29,22;29,22;29,220%
SVK;TAXREV;TOT;PC_GDP;A;2008;29.066;29066;29,066%
SVK;TAXREV;TOT;PC_GDP;A;2009;28.891;28891;28,891%
SVK;TAXREV;TOT;PC_GDP;A;2010;28.137;28137;28,137%
SVK;TAXREV;TOT;PC_GDP;A;2011;29.107;29107;29,107%
SVK;TAXREV;TOT;PC_GDP;A;2012;28.775;28775;28,775%
SVK;TAXREV;TOT;PC_GDP;A;2013;31.042;31042;31,042%
SVK;TAXREV;TOT;PC_GDP;A;2014;31.902;31902;31,902%
SVK;TAXREV;TOT;PC_GDP;A;2015;32,66;32,66;32,660%
SVK;TAXREV;TOT;PC_GDP;A;2016;33.271;33271;33,271%
SVK;TAXREV;TOT;PC_GDP;A;2017;34.224;34224;34,224%
SVK;TAXREV;TOT;PC_GDP;A;2018;34.322;34322;34,322%
SVK;TAXREV;TOT;PC_GDP;A;2019;34.736;34736;34,736%
ESP;TAXREV;TOT;PC_GDP;A;1965;14.255;14255;14,255%
ESP;TAXREV;TOT;PC_GDP;A;1966;13.218;13218;13,218%
ESP;TAXREV;TOT;PC_GDP;A;1967;16.413;16413;16,413%
ESP;TAXREV;TOT;PC_GDP;A;1968;15.595;15595;15,595%
ESP;TAXREV;TOT;PC_GDP;A;1969;15.955;15955;15,955%
ESP;TAXREV;TOT;PC_GDP;A;1970;15.459;15459;15,459%
ESP;TAXREV;TOT;PC_GDP;A;1971;15.718;15718;15,718%
ESP;TAXREV;TOT;PC_GDP;A;1972;16.593;16593;16,593%
ESP;TAXREV;TOT;PC_GDP;A;1973;17.149;17149;17,149%
ESP;TAXREV;TOT;PC_GDP;A;1974;16.585;16585;16,585%
ESP;TAXREV;TOT;PC_GDP;A;1975;17.904;17904;17,904%
ESP;TAXREV;TOT;PC_GDP;A;1976;17.894;17894;17,894%
ESP;TAXREV;TOT;PC_GDP;A;1977;19.656;19656;19,656%
ESP;TAXREV;TOT;PC_GDP;A;1978;20.866;20866;20,866%
ESP;TAXREV;TOT;PC_GDP;A;1979;21.369;21369;21,369%
ESP;TAXREV;TOT;PC_GDP;A;1980;21.936;21936;21,936%
ESP;TAXREV;TOT;PC_GDP;A;1981;23.139;23139;23,139%
ESP;TAXREV;TOT;PC_GDP;A;1982;23.421;23421;23,421%
ESP;TAXREV;TOT;PC_GDP;A;1983;25.288;25288;25,288%
ESP;TAXREV;TOT;PC_GDP;A;1984;25.627;25627;25,627%
ESP;TAXREV;TOT;PC_GDP;A;1985;26.764;26764;26,764%
ESP;TAXREV;TOT;PC_GDP;A;1986;28.122;28122;28,122%
ESP;TAXREV;TOT;PC_GDP;A;1987;29.881;29881;29,881%
ESP;TAXREV;TOT;PC_GDP;A;1988;30.019;30019;30,019%
ESP;TAXREV;TOT;PC_GDP;A;1989;31.738;31738;31,738%
ESP;TAXREV;TOT;PC_GDP;A;1990;31.537;31537;31,537%
ESP;TAXREV;TOT;PC_GDP;A;1991;31.808;31808;31,808%
ESP;TAXREV;TOT;PC_GDP;A;1992;32.811;32811;32,811%
ESP;TAXREV;TOT;PC_GDP;A;1993;31.865;31865;31,865%
ESP;TAXREV;TOT;PC_GDP;A;1994;31.898;31898;31,898%
ESP;TAXREV;TOT;PC_GDP;A;1995;31.307;31307;31,307%
ESP;TAXREV;TOT;PC_GDP;A;1996;31,11;31,11;31,110%
ESP;TAXREV;TOT;PC_GDP;A;1997;31.949;31949;31,949%
ESP;TAXREV;TOT;PC_GDP;A;1998;32.762;32762;32,762%
ESP;TAXREV;TOT;PC_GDP;A;1999;33.136;33136;33,136%
ESP;TAXREV;TOT;PC_GDP;A;2000;33,05;33,05;33,050%
ESP;TAXREV;TOT;PC_GDP;A;2001;32.796;32796;32,796%
ESP;TAXREV;TOT;PC_GDP;A;2002;33.244;33244;33,244%
ESP;TAXREV;TOT;PC_GDP;A;2003;33.095;33095;33,095%
ESP;TAXREV;TOT;PC_GDP;A;2004;34.042;34042;34,042%
ESP;TAXREV;TOT;PC_GDP;A;2005;35.243;35243;35,243%
ESP;TAXREV;TOT;PC_GDP;A;2006;35.999;35999;35,999%
ESP;TAXREV;TOT;PC_GDP;A;2007;36.414;36414;36,414%
ESP;TAXREV;TOT;PC_GDP;A;2008;32.103;32103;32,103%
ESP;TAXREV;TOT;PC_GDP;A;2009;29.679;29679;29,679%
ESP;TAXREV;TOT;PC_GDP;A;2010;31.282;31282;31,282%
ESP;TAXREV;TOT;PC_GDP;A;2011;31,19;31,19;31,190%
ESP;TAXREV;TOT;PC_GDP;A;2012;32.368;32368;32,368%
ESP;TAXREV;TOT;PC_GDP;A;2013;33.115;33115;33,115%
ESP;TAXREV;TOT;PC_GDP;A;2014;33.887;33887;33,887%
ESP;TAXREV;TOT;PC_GDP;A;2015;33.842;33842;33,842%
ESP;TAXREV;TOT;PC_GDP;A;2016;33.597;33597;33,597%
ESP;TAXREV;TOT;PC_GDP;A;2017;33,87;33,87;33,870%
ESP;TAXREV;TOT;PC_GDP;A;2018;34.602;34602;34,602%
ESP;TAXREV;TOT;PC_GDP;A;2019;34.649;34649;34,649%
SWE;TAXREV;TOT;PC_GDP;A;1965;30.931;30931;30,931%
SWE;TAXREV;TOT;PC_GDP;A;1966;31.608;31608;31,608%
SWE;TAXREV;TOT;PC_GDP;A;1967;32.464;32464;32,464%
SWE;TAXREV;TOT;PC_GDP;A;1968;34.331;34331;34,331%
SWE;TAXREV;TOT;PC_GDP;A;1969;35.221;35221;35,221%
SWE;TAXREV;TOT;PC_GDP;A;1970;35,16;35,16;35,160%
SWE;TAXREV;TOT;PC_GDP;A;1971;35.886;35886;35,886%
SWE;TAXREV;TOT;PC_GDP;A;1972;37.116;37116;37,116%
SWE;TAXREV;TOT;PC_GDP;A;1973;36.383;36383;36,383%
SWE;TAXREV;TOT;PC_GDP;A;1974;37.433;37433;37,433%
SWE;TAXREV;TOT;PC_GDP;A;1975;38.347;38347;38,347%
SWE;TAXREV;TOT;PC_GDP;A;1976;42.116;42116;42,116%
SWE;TAXREV;TOT;PC_GDP;A;1977;44.102;44102;44,102%
SWE;TAXREV;TOT;PC_GDP;A;1978;44.455;44455;44,455%
SWE;TAXREV;TOT;PC_GDP;A;1979;43.301;43301;43,301%
SWE;TAXREV;TOT;PC_GDP;A;1980;43.131;43131;43,131%
SWE;TAXREV;TOT;PC_GDP;A;1981;44.379;44379;44,379%
SWE;TAXREV;TOT;PC_GDP;A;1982;43,42;43,42;43,420%
SWE;TAXREV;TOT;PC_GDP;A;1983;44.076;44076;44,076%
SWE;TAXREV;TOT;PC_GDP;A;1984;43.694;43694;43,694%
SWE;TAXREV;TOT;PC_GDP;A;1985;44.146;44146;44,146%
SWE;TAXREV;TOT;PC_GDP;A;1986;46.362;46362;46,362%
SWE;TAXREV;TOT;PC_GDP;A;1987;48.837;48837;48,837%
SWE;TAXREV;TOT;PC_GDP;A;1988;48.142;48142;48,142%
SWE;TAXREV;TOT;PC_GDP;A;1989;48,65;48,65;48,650%
SWE;TAXREV;TOT;PC_GDP;A;1990;48.978;48978;48,978%
SWE;TAXREV;TOT;PC_GDP;A;1991;47.086;47086;47,086%
SWE;TAXREV;TOT;PC_GDP;A;1992;44.681;44681;44,681%
SWE;TAXREV;TOT;PC_GDP;A;1993;44.041;44041;44,041%
SWE;TAXREV;TOT;PC_GDP;A;1994;44.305;44305;44,305%
SWE;TAXREV;TOT;PC_GDP;A;1995;45.307;45307;45,307%
SWE;TAXREV;TOT;PC_GDP;A;1996;46.955;46955;46,955%
SWE;TAXREV;TOT;PC_GDP;A;1997;47.843;47843;47,843%
SWE;TAXREV;TOT;PC_GDP;A;1998;47.878;47878;47,878%
SWE;TAXREV;TOT;PC_GDP;A;1999;48.385;48385;48,385%
SWE;TAXREV;TOT;PC_GDP;A;2000;48.773;48773;48,773%
SWE;TAXREV;TOT;PC_GDP;A;2001;46.716;46716;46,716%
SWE;TAXREV;TOT;PC_GDP;A;2002;45,03;45,03;45,030%
SWE;TAXREV;TOT;PC_GDP;A;2003;45.411;45411;45,411%
SWE;TAXREV;TOT;PC_GDP;A;2004;45.666;45666;45,666%
SWE;TAXREV;TOT;PC_GDP;A;2005;46.694;46694;46,694%
SWE;TAXREV;TOT;PC_GDP;A;2006;46,08;46,08;46,080%
SWE;TAXREV;TOT;PC_GDP;A;2007;45.095;45095;45,095%
SWE;TAXREV;TOT;PC_GDP;A;2008;44.142;44142;44,142%
SWE;TAXREV;TOT;PC_GDP;A;2009;43.867;43867;43,867%
SWE;TAXREV;TOT;PC_GDP;A;2010;43.058;43058;43,058%
SWE;TAXREV;TOT;PC_GDP;A;2011;42.134;42134;42,134%
SWE;TAXREV;TOT;PC_GDP;A;2012;42.324;42324;42,324%
SWE;TAXREV;TOT;PC_GDP;A;2013;42.695;42695;42,695%
SWE;TAXREV;TOT;PC_GDP;A;2014;42.383;42383;42,383%
SWE;TAXREV;TOT;PC_GDP;A;2015;42,85;42,85;42,850%
SWE;TAXREV;TOT;PC_GDP;A;2016;44.309;44309;44,309%
SWE;TAXREV;TOT;PC_GDP;A;2017;44.307;44307;44,307%
SWE;TAXREV;TOT;PC_GDP;A;2018;43.921;43921;43,921%
SWE;TAXREV;TOT;PC_GDP;A;2019;42.909;42909;42,909%
CHE;TAXREV;TOT;PC_GDP;A;1965;16.512;16512;16,512%
CHE;TAXREV;TOT;PC_GDP;A;1966;17.129;17129;17,129%
CHE;TAXREV;TOT;PC_GDP;A;1967;17.132;17132;17,132%
CHE;TAXREV;TOT;PC_GDP;A;1968;17.915;17915;17,915%
CHE;TAXREV;TOT;PC_GDP;A;1969;18.859;18859;18,859%
CHE;TAXREV;TOT;PC_GDP;A;1970;18.163;18163;18,163%
CHE;TAXREV;TOT;PC_GDP;A;1971;17.893;17893;17,893%
CHE;TAXREV;TOT;PC_GDP;A;1972;18.239;18239;18,239%
CHE;TAXREV;TOT;PC_GDP;A;1973;20.105;20105;20,105%
CHE;TAXREV;TOT;PC_GDP;A;1974;20.874;20874;20,874%
CHE;TAXREV;TOT;PC_GDP;A;1975;22.487;22487;22,487%
CHE;TAXREV;TOT;PC_GDP;A;1976;23.764;23764;23,764%
CHE;TAXREV;TOT;PC_GDP;A;1977;23.947;23947;23,947%
CHE;TAXREV;TOT;PC_GDP;A;1978;23.884;23884;23,884%
CHE;TAXREV;TOT;PC_GDP;A;1979;23.475;23475;23,475%
CHE;TAXREV;TOT;PC_GDP;A;1980;23,26;23,26;23,260%
CHE;TAXREV;TOT;PC_GDP;A;1981;23.333;23333;23,333%
CHE;TAXREV;TOT;PC_GDP;A;1982;23.641;23641;23,641%
CHE;TAXREV;TOT;PC_GDP;A;1983;24,18;24,18;24,180%
CHE;TAXREV;TOT;PC_GDP;A;1984;24.351;24351;24,351%
CHE;TAXREV;TOT;PC_GDP;A;1985;23.815;23815;23,815%
CHE;TAXREV;TOT;PC_GDP;A;1986;24.782;24782;24,782%
CHE;TAXREV;TOT;PC_GDP;A;1987;24,51;24,51;24,510%
CHE;TAXREV;TOT;PC_GDP;A;1988;24.785;24785;24,785%
CHE;TAXREV;TOT;PC_GDP;A;1989;24.069;24069;24,069%
CHE;TAXREV;TOT;PC_GDP;A;1990;23.745;23745;23,745%
CHE;TAXREV;TOT;PC_GDP;A;1991;23.556;23556;23,556%
CHE;TAXREV;TOT;PC_GDP;A;1992;23.995;23995;23,995%
CHE;TAXREV;TOT;PC_GDP;A;1993;24.514;24514;24,514%
CHE;TAXREV;TOT;PC_GDP;A;1994;24,93;24,93;24,930%
CHE;TAXREV;TOT;PC_GDP;A;1995;25.519;25519;25,519%
CHE;TAXREV;TOT;PC_GDP;A;1996;26.003;26003;26,003%
CHE;TAXREV;TOT;PC_GDP;A;1997;25,63;25,63;25,630%
CHE;TAXREV;TOT;PC_GDP;A;1998;26.362;26362;26,362%
CHE;TAXREV;TOT;PC_GDP;A;1999;26.568;26568;26,568%
CHE;TAXREV;TOT;PC_GDP;A;2000;27.607;27607;27,607%
CHE;TAXREV;TOT;PC_GDP;A;2001;27.034;27034;27,034%
CHE;TAXREV;TOT;PC_GDP;A;2002;27.625;27625;27,625%
CHE;TAXREV;TOT;PC_GDP;A;2003;26.931;26931;26,931%
CHE;TAXREV;TOT;PC_GDP;A;2004;26.608;26608;26,608%
CHE;TAXREV;TOT;PC_GDP;A;2005;26.646;26646;26,646%
CHE;TAXREV;TOT;PC_GDP;A;2006;26.446;26446;26,446%
CHE;TAXREV;TOT;PC_GDP;A;2007;26.204;26204;26,204%
CHE;TAXREV;TOT;PC_GDP;A;2008;26.583;26583;26,583%
CHE;TAXREV;TOT;PC_GDP;A;2009;26.978;26978;26,978%
CHE;TAXREV;TOT;PC_GDP;A;2010;26.595;26595;26,595%
CHE;TAXREV;TOT;PC_GDP;A;2011;26.893;26893;26,893%
CHE;TAXREV;TOT;PC_GDP;A;2012;26,91;26,91;26,910%
CHE;TAXREV;TOT;PC_GDP;A;2013;26.998;26998;26,998%
CHE;TAXREV;TOT;PC_GDP;A;2014;26.882;26882;26,882%
CHE;TAXREV;TOT;PC_GDP;A;2015;27.574;27574;27,574%
CHE;TAXREV;TOT;PC_GDP;A;2016;27.661;27661;27,661%
CHE;TAXREV;TOT;PC_GDP;A;2017;28.415;28415;28,415%
CHE;TAXREV;TOT;PC_GDP;A;2018;28.046;28046;28,046%
CHE;TAXREV;TOT;PC_GDP;A;2019;28.529;28529;28,529%
TUR;TAXREV;TOT;PC_GDP;A;1965;10,55;10,55;10,550%
TUR;TAXREV;TOT;PC_GDP;A;1966;10.663;10663;10,663%
TUR;TAXREV;TOT;PC_GDP;A;1967;11.396;11396;11,396%
TUR;TAXREV;TOT;PC_GDP;A;1968;11.258;11258;11,258%
TUR;TAXREV;TOT;PC_GDP;A;1969;12.177;12177;12,177%
TUR;TAXREV;TOT;PC_GDP;A;1970;9.047;9047;9,047%
TUR;TAXREV;TOT;PC_GDP;A;1971;10.402;10402;10,402%
TUR;TAXREV;TOT;PC_GDP;A;1972;10,58;10,58;10,580%
TUR;TAXREV;TOT;PC_GDP;A;1973;10.996;10996;10,996%
TUR;TAXREV;TOT;PC_GDP;A;1974;10.268;10268;10,268%
TUR;TAXREV;TOT;PC_GDP;A;1975;11.601;11601;11,601%
TUR;TAXREV;TOT;PC_GDP;A;1976;11.844;11844;11,844%
TUR;TAXREV;TOT;PC_GDP;A;1977;12.377;12377;12,377%
TUR;TAXREV;TOT;PC_GDP;A;1978;12.079;12079;12,079%
TUR;TAXREV;TOT;PC_GDP;A;1979;11.427;11427;11,427%
TUR;TAXREV;TOT;PC_GDP;A;1980;13.024;13024;13,024%
TUR;TAXREV;TOT;PC_GDP;A;1981;13,8;13,8;13,800%
TUR;TAXREV;TOT;PC_GDP;A;1982;13.365;13365;13,365%
TUR;TAXREV;TOT;PC_GDP;A;1983;12.474;12474;12,474%
TUR;TAXREV;TOT;PC_GDP;A;1984;10.407;10407;10,407%
TUR;TAXREV;TOT;PC_GDP;A;1985;11.209;11209;11,209%
TUR;TAXREV;TOT;PC_GDP;A;1986;12.727;12727;12,727%
TUR;TAXREV;TOT;PC_GDP;A;1987;13.658;13658;13,658%
TUR;TAXREV;TOT;PC_GDP;A;1988;12.922;12922;12,922%
TUR;TAXREV;TOT;PC_GDP;A;1989;13.557;13557;13,557%
TUR;TAXREV;TOT;PC_GDP;A;1990;14.537;14537;14,537%
TUR;TAXREV;TOT;PC_GDP;A;1991;15.235;15235;15,235%
TUR;TAXREV;TOT;PC_GDP;A;1992;16.282;16282;16,282%
TUR;TAXREV;TOT;PC_GDP;A;1993;16.457;16457;16,457%
TUR;TAXREV;TOT;PC_GDP;A;1994;16.145;16145;16,145%
TUR;TAXREV;TOT;PC_GDP;A;1995;16.378;16378;16,378%
TUR;TAXREV;TOT;PC_GDP;A;1996;18.451;18451;18,451%
TUR;TAXREV;TOT;PC_GDP;A;1997;20.229;20229;20,229%
TUR;TAXREV;TOT;PC_GDP;A;1998;20,6;20,6;20,600%
TUR;TAXREV;TOT;PC_GDP;A;1999;22.546;22546;22,546%
TUR;TAXREV;TOT;PC_GDP;A;2000;23.478;23478;23,478%
TUR;TAXREV;TOT;PC_GDP;A;2001;25.361;25361;25,361%
TUR;TAXREV;TOT;PC_GDP;A;2002;23.826;23826;23,826%
TUR;TAXREV;TOT;PC_GDP;A;2003;24.979;24979;24,979%
TUR;TAXREV;TOT;PC_GDP;A;2004;23.088;23088;23,088%
TUR;TAXREV;TOT;PC_GDP;A;2005;23,14;23,14;23,140%
TUR;TAXREV;TOT;PC_GDP;A;2006;23.371;23371;23,371%
TUR;TAXREV;TOT;PC_GDP;A;2007;22.874;22874;22,874%
TUR;TAXREV;TOT;PC_GDP;A;2008;22.961;22961;22,961%
TUR;TAXREV;TOT;PC_GDP;A;2009;23.318;23318;23,318%
TUR;TAXREV;TOT;PC_GDP;A;2010;24.654;24654;24,654%
TUR;TAXREV;TOT;PC_GDP;A;2011;25.706;25706;25,706%
TUR;TAXREV;TOT;PC_GDP;A;2012;24,76;24,76;24,760%
TUR;TAXREV;TOT;PC_GDP;A;2013;25.156;25156;25,156%
TUR;TAXREV;TOT;PC_GDP;A;2014;24.457;24457;24,457%
TUR;TAXREV;TOT;PC_GDP;A;2015;24.957;24957;24,957%
TUR;TAXREV;TOT;PC_GDP;A;2016;25.128;25128;25,128%
TUR;TAXREV;TOT;PC_GDP;A;2017;24,68;24,68;24,680%
TUR;TAXREV;TOT;PC_GDP;A;2018;23.986;23986;23,986%
TUR;TAXREV;TOT;PC_GDP;A;2019;23.079;23079;23,079%
GBR;TAXREV;TOT;PC_GDP;A;1965;30.097;30097;30,097%
GBR;TAXREV;TOT;PC_GDP;A;1966;30.808;30808;30,808%
GBR;TAXREV;TOT;PC_GDP;A;1967;32,52;32,52;32,520%
GBR;TAXREV;TOT;PC_GDP;A;1968;33.354;33354;33,354%
GBR;TAXREV;TOT;PC_GDP;A;1969;34.896;34896;34,896%
GBR;TAXREV;TOT;PC_GDP;A;1970;35.041;35041;35,041%
GBR;TAXREV;TOT;PC_GDP;A;1971;33.137;33137;33,137%
GBR;TAXREV;TOT;PC_GDP;A;1972;31.554;31554;31,554%
GBR;TAXREV;TOT;PC_GDP;A;1973;29.677;29677;29,677%
GBR;TAXREV;TOT;PC_GDP;A;1974;32.773;32773;32,773%
GBR;TAXREV;TOT;PC_GDP;A;1975;34.174;34174;34,174%
GBR;TAXREV;TOT;PC_GDP;A;1976;33.954;33954;33,954%
GBR;TAXREV;TOT;PC_GDP;A;1977;33.411;33411;33,411%
GBR;TAXREV;TOT;PC_GDP;A;1978;31.616;31616;31,616%
GBR;TAXREV;TOT;PC_GDP;A;1979;30.693;30693;30,693%
GBR;TAXREV;TOT;PC_GDP;A;1980;33.383;33383;33,383%
GBR;TAXREV;TOT;PC_GDP;A;1981;34.517;34517;34,517%
GBR;TAXREV;TOT;PC_GDP;A;1982;36.712;36712;36,712%
GBR;TAXREV;TOT;PC_GDP;A;1983;35.091;35091;35,091%
GBR;TAXREV;TOT;PC_GDP;A;1984;35,19;35,19;35,190%
GBR;TAXREV;TOT;PC_GDP;A;1985;35.069;35069;35,069%
GBR;TAXREV;TOT;PC_GDP;A;1986;35.517;35517;35,517%
GBR;TAXREV;TOT;PC_GDP;A;1987;33.972;33972;33,972%
GBR;TAXREV;TOT;PC_GDP;A;1988;33.828;33828;33,828%
GBR;TAXREV;TOT;PC_GDP;A;1989;33.007;33007;33,007%
GBR;TAXREV;TOT;PC_GDP;A;1990;32.869;32869;32,869%
GBR;TAXREV;TOT;PC_GDP;A;1991;31.684;31684;31,684%
GBR;TAXREV;TOT;PC_GDP;A;1992;30.893;30893;30,893%
GBR;TAXREV;TOT;PC_GDP;A;1993;29.875;29875;29,875%
GBR;TAXREV;TOT;PC_GDP;A;1994;30.601;30601;30,601%
GBR;TAXREV;TOT;PC_GDP;A;1995;29.359;29359;29,359%
GBR;TAXREV;TOT;PC_GDP;A;1996;29.185;29185;29,185%
GBR;TAXREV;TOT;PC_GDP;A;1997;29.858;29858;29,858%
GBR;TAXREV;TOT;PC_GDP;A;1998;31.324;31324;31,324%
GBR;TAXREV;TOT;PC_GDP;A;1999;31.972;31972;31,972%
GBR;TAXREV;TOT;PC_GDP;A;2000;32,8;32,8;32,800%
GBR;TAXREV;TOT;PC_GDP;A;2001;32.364;32364;32,364%
GBR;TAXREV;TOT;PC_GDP;A;2002;31.425;31425;31,425%
GBR;TAXREV;TOT;PC_GDP;A;2003;31.064;31064;31,064%
GBR;TAXREV;TOT;PC_GDP;A;2004;32.156;32156;32,156%
GBR;TAXREV;TOT;PC_GDP;A;2005;32.549;32549;32,549%
GBR;TAXREV;TOT;PC_GDP;A;2006;32.749;32749;32,749%
GBR;TAXREV;TOT;PC_GDP;A;2007;32.824;32824;32,824%
GBR;TAXREV;TOT;PC_GDP;A;2008;32.143;32143;32,143%
GBR;TAXREV;TOT;PC_GDP;A;2009;31,06;31,06;31,060%
GBR;TAXREV;TOT;PC_GDP;A;2010;32.132;32132;32,132%
GBR;TAXREV;TOT;PC_GDP;A;2011;32.718;32718;32,718%
GBR;TAXREV;TOT;PC_GDP;A;2012;32.117;32117;32,117%
GBR;TAXREV;TOT;PC_GDP;A;2013;32.055;32055;32,055%
GBR;TAXREV;TOT;PC_GDP;A;2014;32.107;32107;32,107%
GBR;TAXREV;TOT;PC_GDP;A;2015;32.436;32436;32,436%
GBR;TAXREV;TOT;PC_GDP;A;2016;32.636;32636;32,636%
GBR;TAXREV;TOT;PC_GDP;A;2017;32.825;32825;32,825%
GBR;TAXREV;TOT;PC_GDP;A;2018;32.887;32887;32,887%
GBR;TAXREV;TOT;PC_GDP;A;2019;32.983;32983;32,983%
USA;TAXREV;TOT;PC_GDP;A;1965;23.556;23556;23,556%
USA;TAXREV;TOT;PC_GDP;A;1966;23.824;23824;23,824%
USA;TAXREV;TOT;PC_GDP;A;1967;24.903;24903;24,903%
USA;TAXREV;TOT;PC_GDP;A;1968;24.346;24346;24,346%
USA;TAXREV;TOT;PC_GDP;A;1969;26.669;26669;26,669%
USA;TAXREV;TOT;PC_GDP;A;1970;25.783;25783;25,783%
USA;TAXREV;TOT;PC_GDP;A;1971;23.929;23929;23,929%
USA;TAXREV;TOT;PC_GDP;A;1972;24.477;24477;24,477%
USA;TAXREV;TOT;PC_GDP;A;1973;24,47;24,47;24,470%
USA;TAXREV;TOT;PC_GDP;A;1974;25.209;25209;25,209%
USA;TAXREV;TOT;PC_GDP;A;1975;24.653;24653;24,653%
USA;TAXREV;TOT;PC_GDP;A;1976;24.021;24021;24,021%
USA;TAXREV;TOT;PC_GDP;A;1977;25.265;25265;25,265%
USA;TAXREV;TOT;PC_GDP;A;1978;25.015;25015;25,015%
USA;TAXREV;TOT;PC_GDP;A;1979;25.216;25216;25,216%
USA;TAXREV;TOT;PC_GDP;A;1980;25.572;25572;25,572%
USA;TAXREV;TOT;PC_GDP;A;1981;25.972;25972;25,972%
USA;TAXREV;TOT;PC_GDP;A;1982;26.054;26054;26,054%
USA;TAXREV;TOT;PC_GDP;A;1983;24.013;24013;24,013%
USA;TAXREV;TOT;PC_GDP;A;1984;24,11;24,11;24,110%
USA;TAXREV;TOT;PC_GDP;A;1985;24.658;24658;24,658%
USA;TAXREV;TOT;PC_GDP;A;1986;24,63;24,63;24,630%
USA;TAXREV;TOT;PC_GDP;A;1987;25,69;25,69;25,690%
USA;TAXREV;TOT;PC_GDP;A;1988;25.478;25478;25,478%
USA;TAXREV;TOT;PC_GDP;A;1989;25.663;25663;25,663%
USA;TAXREV;TOT;PC_GDP;A;1990;26.033;26033;26,033%
USA;TAXREV;TOT;PC_GDP;A;1991;25.855;25855;25,855%
USA;TAXREV;TOT;PC_GDP;A;1992;25.746;25746;25,746%
USA;TAXREV;TOT;PC_GDP;A;1993;25,95;25,95;25,950%
USA;TAXREV;TOT;PC_GDP;A;1994;26.286;26286;26,286%
USA;TAXREV;TOT;PC_GDP;A;1995;26,55;26,55;26,550%
USA;TAXREV;TOT;PC_GDP;A;1996;27.044;27044;27,044%
USA;TAXREV;TOT;PC_GDP;A;1997;27.484;27484;27,484%
USA;TAXREV;TOT;PC_GDP;A;1998;27.867;27867;27,867%
USA;TAXREV;TOT;PC_GDP;A;1999;27.934;27934;27,934%
USA;TAXREV;TOT;PC_GDP;A;2000;28.291;28291;28,291%
USA;TAXREV;TOT;PC_GDP;A;2001;27.261;27261;27,261%
USA;TAXREV;TOT;PC_GDP;A;2002;24.994;24994;24,994%
USA;TAXREV;TOT;PC_GDP;A;2003;24,48;24,48;24,480%
USA;TAXREV;TOT;PC_GDP;A;2004;24.769;24769;24,769%
USA;TAXREV;TOT;PC_GDP;A;2005;26.102;26102;26,102%
USA;TAXREV;TOT;PC_GDP;A;2006;26.777;26777;26,777%
USA;TAXREV;TOT;PC_GDP;A;2007;26.769;26769;26,769%
USA;TAXREV;TOT;PC_GDP;A;2008;25.742;25742;25,742%
USA;TAXREV;TOT;PC_GDP;A;2009;22.957;22957;22,957%
USA;TAXREV;TOT;PC_GDP;A;2010;23,46;23,46;23,460%
USA;TAXREV;TOT;PC_GDP;A;2011;23.849;23849;23,849%
USA;TAXREV;TOT;PC_GDP;A;2012;24;24;24,000%
USA;TAXREV;TOT;PC_GDP;A;2013;25.569;25569;25,569%
USA;TAXREV;TOT;PC_GDP;A;2014;25.917;25917;25,917%
USA;TAXREV;TOT;PC_GDP;A;2015;26.177;26177;26,177%
USA;TAXREV;TOT;PC_GDP;A;2016;25.809;25809;25,809%
USA;TAXREV;TOT;PC_GDP;A;2017;26,74;26,74;26,740%
USA;TAXREV;TOT;PC_GDP;A;2018;24.412;24412;24,412%
USA;TAXREV;TOT;PC_GDP;A;2019;24.466;24466;24,466%
CHL;TAXREV;TOT;PC_GDP;A;1990;16.889;16889;16,889%
CHL;TAXREV;TOT;PC_GDP;A;1991;17.787;17787;17,787%
CHL;TAXREV;TOT;PC_GDP;A;1992;18.459;18459;18,459%
CHL;TAXREV;TOT;PC_GDP;A;1993;18.654;18654;18,654%
CHL;TAXREV;TOT;PC_GDP;A;1994;18.405;18405;18,405%
CHL;TAXREV;TOT;PC_GDP;A;1995;18,3;18,3;18,300%
CHL;TAXREV;TOT;PC_GDP;A;1996;19.541;19541;19,541%
CHL;TAXREV;TOT;PC_GDP;A;1997;19.049;19049;19,049%
CHL;TAXREV;TOT;PC_GDP;A;1998;18.835;18835;18,835%
CHL;TAXREV;TOT;PC_GDP;A;1999;18.079;18079;18,079%
CHL;TAXREV;TOT;PC_GDP;A;2000;18.812;18812;18,812%
CHL;TAXREV;TOT;PC_GDP;A;2001;19.046;19046;19,046%
CHL;TAXREV;TOT;PC_GDP;A;2002;19.091;19091;19,091%
CHL;TAXREV;TOT;PC_GDP;A;2003;18,84;18,84;18,840%
CHL;TAXREV;TOT;PC_GDP;A;2004;19.086;19086;19,086%
CHL;TAXREV;TOT;PC_GDP;A;2005;20.725;20725;20,725%
CHL;TAXREV;TOT;PC_GDP;A;2006;21.979;21979;21,979%
CHL;TAXREV;TOT;PC_GDP;A;2007;22,71;22,71;22,710%
CHL;TAXREV;TOT;PC_GDP;A;2008;21.406;21406;21,406%
CHL;TAXREV;TOT;PC_GDP;A;2009;17.334;17334;17,334%
CHL;TAXREV;TOT;PC_GDP;A;2010;19.591;19591;19,591%
CHL;TAXREV;TOT;PC_GDP;A;2011;21.116;21116;21,116%
CHL;TAXREV;TOT;PC_GDP;A;2012;21.328;21328;21,328%
CHL;TAXREV;TOT;PC_GDP;A;2013;19,86;19,86;19,860%
CHL;TAXREV;TOT;PC_GDP;A;2014;19.613;19613;19,613%
CHL;TAXREV;TOT;PC_GDP;A;2015;20,39;20,39;20,390%
CHL;TAXREV;TOT;PC_GDP;A;2016;20.131;20131;20,131%
CHL;TAXREV;TOT;PC_GDP;A;2017;20,16;20,16;20,160%
CHL;TAXREV;TOT;PC_GDP;A;2018;21.078;21078;21,078%
CHL;TAXREV;TOT;PC_GDP;A;2019;20.657;20657;20,657%
EST;TAXREV;TOT;PC_GDP;A;1995;35.039;35039;35,039%
EST;TAXREV;TOT;PC_GDP;A;1996;33.865;33865;33,865%
EST;TAXREV;TOT;PC_GDP;A;1997;33.597;33597;33,597%
EST;TAXREV;TOT;PC_GDP;A;1998;33,67;33,67;33,670%
EST;TAXREV;TOT;PC_GDP;A;1999;32.341;32341;32,341%
EST;TAXREV;TOT;PC_GDP;A;2000;31.046;31046;31,046%
EST;TAXREV;TOT;PC_GDP;A;2001;30.299;30299;30,299%
EST;TAXREV;TOT;PC_GDP;A;2002;30.963;30963;30,963%
EST;TAXREV;TOT;PC_GDP;A;2003;30,76;30,76;30,760%
EST;TAXREV;TOT;PC_GDP;A;2004;30.989;30989;30,989%
EST;TAXREV;TOT;PC_GDP;A;2005;29.773;29773;29,773%
EST;TAXREV;TOT;PC_GDP;A;2006;30.456;30456;30,456%
EST;TAXREV;TOT;PC_GDP;A;2007;30.989;30989;30,989%
EST;TAXREV;TOT;PC_GDP;A;2008;31.201;31201;31,201%
EST;TAXREV;TOT;PC_GDP;A;2009;34.756;34756;34,756%
EST;TAXREV;TOT;PC_GDP;A;2010;32.929;32929;32,929%
EST;TAXREV;TOT;PC_GDP;A;2011;31.214;31214;31,214%
EST;TAXREV;TOT;PC_GDP;A;2012;31.464;31464;31,464%
EST;TAXREV;TOT;PC_GDP;A;2013;31.462;31462;31,462%
EST;TAXREV;TOT;PC_GDP;A;2014;31.925;31925;31,925%
EST;TAXREV;TOT;PC_GDP;A;2015;33.079;33079;33,079%
EST;TAXREV;TOT;PC_GDP;A;2016;33.237;33237;33,237%
EST;TAXREV;TOT;PC_GDP;A;2017;32.515;32515;32,515%
EST;TAXREV;TOT;PC_GDP;A;2018;32.894;32894;32,894%
EST;TAXREV;TOT;PC_GDP;A;2019;33.073;33073;33,073%
ISR;TAXREV;TOT;PC_GDP;A;1995;35.283;35283;35,283%
ISR;TAXREV;TOT;PC_GDP;A;1996;34.706;34706;34,706%
ISR;TAXREV;TOT;PC_GDP;A;1997;35.329;35329;35,329%
ISR;TAXREV;TOT;PC_GDP;A;1998;34.285;34285;34,285%
ISR;TAXREV;TOT;PC_GDP;A;1999;34,14;34,14;34,140%
ISR;TAXREV;TOT;PC_GDP;A;2000;34.796;34796;34,796%
ISR;TAXREV;TOT;PC_GDP;A;2001;34,65;34,65;34,650%
ISR;TAXREV;TOT;PC_GDP;A;2002;33.869;33869;33,869%
ISR;TAXREV;TOT;PC_GDP;A;2003;33.166;33166;33,166%
ISR;TAXREV;TOT;PC_GDP;A;2004;33.261;33261;33,261%
ISR;TAXREV;TOT;PC_GDP;A;2005;33.665;33665;33,665%
ISR;TAXREV;TOT;PC_GDP;A;2006;34.223;34223;34,223%
ISR;TAXREV;TOT;PC_GDP;A;2007;34.161;34161;34,161%
ISR;TAXREV;TOT;PC_GDP;A;2008;31.906;31906;31,906%
ISR;TAXREV;TOT;PC_GDP;A;2009;29.823;29823;29,823%
ISR;TAXREV;TOT;PC_GDP;A;2010;30.695;30695;30,695%
ISR;TAXREV;TOT;PC_GDP;A;2011;30.988;30988;30,988%
ISR;TAXREV;TOT;PC_GDP;A;2012;30.053;30053;30,053%
ISR;TAXREV;TOT;PC_GDP;A;2013;30.794;30794;30,794%
ISR;TAXREV;TOT;PC_GDP;A;2014;30.988;30988;30,988%
ISR;TAXREV;TOT;PC_GDP;A;2015;31.236;31236;31,236%
ISR;TAXREV;TOT;PC_GDP;A;2016;31.183;31183;31,183%
ISR;TAXREV;TOT;PC_GDP;A;2017;32.544;32544;32,544%
ISR;TAXREV;TOT;PC_GDP;A;2018;30.946;30946;30,946%
ISR;TAXREV;TOT;PC_GDP;A;2019;30.474;30474;30,474%
SVN;TAXREV;TOT;PC_GDP;A;1995;39.212;39212;39,212%
SVN;TAXREV;TOT;PC_GDP;A;1996;38.225;38225;38,225%
SVN;TAXREV;TOT;PC_GDP;A;1997;37.109;37109;37,109%
SVN;TAXREV;TOT;PC_GDP;A;1998;37.904;37904;37,904%
SVN;TAXREV;TOT;PC_GDP;A;1999;38.288;38288;38,288%
SVN;TAXREV;TOT;PC_GDP;A;2000;37.748;37748;37,748%
SVN;TAXREV;TOT;PC_GDP;A;2001;37.802;37802;37,802%
SVN;TAXREV;TOT;PC_GDP;A;2002;38.283;38283;38,283%
SVN;TAXREV;TOT;PC_GDP;A;2003;38.429;38429;38,429%
SVN;TAXREV;TOT;PC_GDP;A;2004;38.491;38491;38,491%
SVN;TAXREV;TOT;PC_GDP;A;2005;39.174;39174;39,174%
SVN;TAXREV;TOT;PC_GDP;A;2006;38.715;38715;38,715%
SVN;TAXREV;TOT;PC_GDP;A;2007;38.069;38069;38,069%
SVN;TAXREV;TOT;PC_GDP;A;2008;37,34;37,34;37,340%
SVN;TAXREV;TOT;PC_GDP;A;2009;37.139;37139;37,139%
SVN;TAXREV;TOT;PC_GDP;A;2010;37.828;37828;37,828%
SVN;TAXREV;TOT;PC_GDP;A;2011;37,37;37,37;37,370%
SVN;TAXREV;TOT;PC_GDP;A;2012;37.679;37679;37,679%
SVN;TAXREV;TOT;PC_GDP;A;2013;37.242;37242;37,242%
SVN;TAXREV;TOT;PC_GDP;A;2014;37.179;37179;37,179%
SVN;TAXREV;TOT;PC_GDP;A;2015;37.311;37311;37,311%
SVN;TAXREV;TOT;PC_GDP;A;2016;37.443;37443;37,443%
SVN;TAXREV;TOT;PC_GDP;A;2017;37.134;37134;37,134%
SVN;TAXREV;TOT;PC_GDP;A;2018;37.412;37412;37,412%
SVN;TAXREV;TOT;PC_GDP;A;2019;37.651;37651;37,651%
OAVG;TAXREV;TOT;PC_GDP;A;1965;24.846;24846;24,846%
OAVG;TAXREV;TOT;PC_GDP;A;1966;25.341;25341;25,341%
OAVG;TAXREV;TOT;PC_GDP;A;1967;26.221;26221;26,221%
OAVG;TAXREV;TOT;PC_GDP;A;1968;26.482;26482;26,482%
OAVG;TAXREV;TOT;PC_GDP;A;1969;27.033;27033;27,033%
OAVG;TAXREV;TOT;PC_GDP;A;1970;26.719;26719;26,719%
OAVG;TAXREV;TOT;PC_GDP;A;1971;27.229;27229;27,229%
OAVG;TAXREV;TOT;PC_GDP;A;1972;26.842;26842;26,842%
OAVG;TAXREV;TOT;PC_GDP;A;1973;27.027;27027;27,027%
OAVG;TAXREV;TOT;PC_GDP;A;1974;27.858;27858;27,858%
OAVG;TAXREV;TOT;PC_GDP;A;1975;28.605;28605;28,605%
OAVG;TAXREV;TOT;PC_GDP;A;1976;29,48;29,48;29,480%
OAVG;TAXREV;TOT;PC_GDP;A;1977;30.137;30137;30,137%
OAVG;TAXREV;TOT;PC_GDP;A;1978;30.039;30039;30,039%
OAVG;TAXREV;TOT;PC_GDP;A;1979;29.964;29964;29,964%
OAVG;TAXREV;TOT;PC_GDP;A;1980;30.066;30066;30,066%
OAVG;TAXREV;TOT;PC_GDP;A;1981;30.712;30712;30,712%
OAVG;TAXREV;TOT;PC_GDP;A;1982;31,06;31,06;31,060%
OAVG;TAXREV;TOT;PC_GDP;A;1983;31.196;31196;31,196%
OAVG;TAXREV;TOT;PC_GDP;A;1984;31.275;31275;31,275%
OAVG;TAXREV;TOT;PC_GDP;A;1985;31.509;31509;31,509%
OAVG;TAXREV;TOT;PC_GDP;A;1986;32.144;32144;32,144%
OAVG;TAXREV;TOT;PC_GDP;A;1987;32.575;32575;32,575%
OAVG;TAXREV;TOT;PC_GDP;A;1988;32.565;32565;32,565%
OAVG;TAXREV;TOT;PC_GDP;A;1989;32.369;32369;32,369%
OAVG;TAXREV;TOT;PC_GDP;A;1990;31.147;31147;31,147%
OAVG;TAXREV;TOT;PC_GDP;A;1991;31.747;31747;31,747%
OAVG;TAXREV;TOT;PC_GDP;A;1992;32.028;32028;32,028%
OAVG;TAXREV;TOT;PC_GDP;A;1993;32.406;32406;32,406%
OAVG;TAXREV;TOT;PC_GDP;A;1994;32.412;32412;32,412%
OAVG;TAXREV;TOT;PC_GDP;A;1995;32.538;32538;32,538%
OAVG;TAXREV;TOT;PC_GDP;A;1996;32.718;32718;32,718%
OAVG;TAXREV;TOT;PC_GDP;A;1997;32.974;32974;32,974%
OAVG;TAXREV;TOT;PC_GDP;A;1998;33.116;33116;33,116%
OAVG;TAXREV;TOT;PC_GDP;A;1999;33,32;33,32;33,320%
OAVG;TAXREV;TOT;PC_GDP;A;2000;33.273;33273;33,273%
OAVG;TAXREV;TOT;PC_GDP;A;2001;32.801;32801;32,801%
OAVG;TAXREV;TOT;PC_GDP;A;2002;32.607;32607;32,607%
OAVG;TAXREV;TOT;PC_GDP;A;2003;32.517;32517;32,517%
OAVG;TAXREV;TOT;PC_GDP;A;2004;32.505;32505;32,505%
OAVG;TAXREV;TOT;PC_GDP;A;2005;32.984;32984;32,984%
OAVG;TAXREV;TOT;PC_GDP;A;2006;33.136;33136;33,136%
OAVG;TAXREV;TOT;PC_GDP;A;2007;33.188;33188;33,188%
OAVG;TAXREV;TOT;PC_GDP;A;2008;32.572;32572;32,572%
OAVG;TAXREV;TOT;PC_GDP;A;2009;31.844;31844;31,844%
OAVG;TAXREV;TOT;PC_GDP;A;2010;31.908;31908;31,908%
OAVG;TAXREV;TOT;PC_GDP;A;2011;32.238;32238;32,238%
OAVG;TAXREV;TOT;PC_GDP;A;2012;32.729;32729;32,729%
OAVG;TAXREV;TOT;PC_GDP;A;2013;32.992;32992;32,992%
OAVG;TAXREV;TOT;PC_GDP;A;2014;33.226;33226;33,226%
OAVG;TAXREV;TOT;PC_GDP;A;2015;33.313;33313;33,313%
OAVG;TAXREV;TOT;PC_GDP;A;2016;33.953;33953;33,953%
OAVG;TAXREV;TOT;PC_GDP;A;2017;33.741;33741;33,741%
OAVG;TAXREV;TOT;PC_GDP;A;2018;33.879;33879;33,879%
OAVG;TAXREV;TOT;PC_GDP;A;2019;33,84;33,84;33,840%
LVA;TAXREV;TOT;PC_GDP;A;1995;29.811;29811;29,811%
LVA;TAXREV;TOT;PC_GDP;A;1996;29.281;29281;29,281%
LVA;TAXREV;TOT;PC_GDP;A;1997;30.341;30341;30,341%
LVA;TAXREV;TOT;PC_GDP;A;1998;31.349;31349;31,349%
LVA;TAXREV;TOT;PC_GDP;A;1999;30.315;30315;30,315%
LVA;TAXREV;TOT;PC_GDP;A;2000;29,14;29,14;29,140%
LVA;TAXREV;TOT;PC_GDP;A;2001;28.215;28215;28,215%
LVA;TAXREV;TOT;PC_GDP;A;2002;27.894;27894;27,894%
LVA;TAXREV;TOT;PC_GDP;A;2003;27.505;27505;27,505%
LVA;TAXREV;TOT;PC_GDP;A;2004;27.702;27702;27,702%
LVA;TAXREV;TOT;PC_GDP;A;2005;27,96;27,96;27,960%
LVA;TAXREV;TOT;PC_GDP;A;2006;28.755;28755;28,755%
LVA;TAXREV;TOT;PC_GDP;A;2007;28.337;28337;28,337%
LVA;TAXREV;TOT;PC_GDP;A;2008;27.968;27968;27,968%
LVA;TAXREV;TOT;PC_GDP;A;2009;28.238;28238;28,238%
LVA;TAXREV;TOT;PC_GDP;A;2010;28.732;28732;28,732%
LVA;TAXREV;TOT;PC_GDP;A;2011;28.338;28338;28,338%
LVA;TAXREV;TOT;PC_GDP;A;2012;29,11;29,11;29,110%
LVA;TAXREV;TOT;PC_GDP;A;2013;29,36;29,36;29,360%
LVA;TAXREV;TOT;PC_GDP;A;2014;29.717;29717;29,717%
LVA;TAXREV;TOT;PC_GDP;A;2015;30.025;30025;30,025%
LVA;TAXREV;TOT;PC_GDP;A;2016;31.159;31159;31,159%
LVA;TAXREV;TOT;PC_GDP;A;2017;31.392;31392;31,392%
LVA;TAXREV;TOT;PC_GDP;A;2018;31.237;31237;31,237%
LVA;TAXREV;TOT;PC_GDP;A;2019;31.201;31201;31,201%